,ACITL knock-out
Growth rate,0.184
Glucose uptake,-2.458913
ALCD25yi,0.0
MTHFCm,0.0
AMPN,0.0
DAGCPTer_RT,0.0
PYRt2,0.0
NNDPRm,0.0
HMGCOASm,-0.0003227851125129333
PDE4,0.0
PAPSR,0.0
FACOAL80p,0.0
URIH,0.0
ACOAO4p,0.0
3IPM3MT,0.0
UDPGD,0.0
CYTDK2,0.0
ACACT4m,0.0
CHTNDA,0.0
FACOAL141,0.0
ACACT7p,0.0
POLYAO,0.0
MEVK1,0.1625371179052768
DATUP,0.0
TAUDO,0.0
CSp,0.0
PSERT,0.0
GK2,0.0
CYSt2r,0.0
ATPS2v,0.0
SPHPLer,0.0
PLBPCe_RT,0.0
ALDD19xr,0.0
GTHRDH_syn,0.0
NDPK7,0.0
PPDOy,0.0
GLYCLTDy,0.0
DGK1,0.0
SLCBK2er,0.0
CERS126er,0.0
CSm,2.0346439507987837
MI145P6Kn,0.0
ADK3m,0.0
DMATT,0.05390671930175893
PMPK,0.00025631199999999997
LGTHL,0.0
PUNP3m,0.0
PPNDH,0.017510176
GLYTRS,0.09443248
HACD4p,0.0
GAT2er_RT,0.01559870375043111
DASYNer_RT,0.0067896
ACOAD8m,0.0
ECOAH1p,0.0
KYN,0.10596394399999247
HSTPT,0.01151104
FACOAL141p,0.0
FE2t,-0.0007882559999999999
3MOPDC,0.0
PTE11x,0.0
GLUTRS,0.038395832
AICART,0.03396290400001516
CYTD,0.0
42A12BOOX,0.0
DPGM,0.0
TPI,0.9899541995980249
COAtim,0.0
NADS2,0.0
ACACT4p,0.0
HISTRS,0.011254728
PHETRSm,0.0
OMCDC,0.05891772
LEUTA,-0.05891772
DTMPK,0.000464232
ALCD23yi,0.0
FA140COAabcp,0.0
FACOAL160p,0.0
PGL,0.35858094395318985
THRD_Lm,0.0
BGLA,0.0
TRPTRS,0.004290696
AMETt2,0.0
SHSL1,0.0
AHSERL,0.0
ACtr,0.0
LNS14DMrx,0.0
ACOAD10m,0.0
TMDPP,0.0
INSTt2,0.0
IPC224PLCg_RT,0.0
DCTCP,0.0
TRPTRSm,0.0
HEX7,0.0
HICITDm,0.08428183777500442
MALtm,0.0
AMID,0.0
MCITSm,0.0
GNNUC,0.0
PNTK,0.0001416799999999982
FAO80p,0.0
ADA,0.0
GLUDxi,0.0
URAt2,0.0
FA180COAabcp,0.0
AMID2,0.0
ERGSTt,0.0
CSNATp,0.0007817302250258666
UDPG4E,0.0
CYOR_u9m,9.77171368203027
SHK3Dr,0.034439464000007546
SSALy,0.0
CYSDS,0.0
RBK,0.0
MOHMT,0.0001416799999999982
IPC324PLCg_RT,0.0
GARFT,0.022451864000015153
PYDAMK,0.0
HKYNH,0.0003096720000075326
DATCY,0.0
NNATn,0.0
METTRSm,0.0
SFGTHi,0.0
IPCS226g_RT,0.0
ACP1e,0.0
FAO141p_even,0.0
FTHFLi,0.2660875520000303
ASAD,-0.080254728
ECOAH7p,0.0
FACOAL140p,0.0
ECOAH9m,0.0
HXPRT,0.0
H2Otm,-35.26030908012253
C22STDSrx,0.0
NTRLASE2,0.0
DHAD2m,0.029176696
ERGSTGLCT,0.0
FACOAL182,0.0
P5CR,0.0
PSPHPLer,0.0
MI1PP,0.0
NAt3_1,0.0
NDPK10,0.0
BPNT2,0.0
RNDR3n,0.0
CPPPGO,0.000127144
PTRCt3i,0.0
NAPRT,0.0
MIP2C324PLCg_RT,0.0
ALCD2x,-2.0818334898875683
PTE7x,0.0
NDPK3,0.21847442400001513
FAO161p_odd,0.0
LANOSTt,0.0
FACOAL120,0.0
ECOAH5m,0.0
SACCD4m,0.0
C4STMO2er,0.02682170765087947
URIDK2r,-0.001252672
NTPP9,0.0
CERS2p24er,0.0
ALPHNH,0.0
DURIPP,0.0
GLUDy,-1.0688850443491962
HSERTA,0.018443792000000018
CITtam,0.0
PHETRS,0.017510176
FMNAT,0.00013818400000000002
TYRTRS,0.011474792
TYRTRSm,0.0
NTRLASE3,0.0
ILETRSm,0.0
ASPK,0.080254728
DIPS,0.0
UDPGALt2g,0.0
LALDO3,0.0
HSK,0.06181093599999998
GTPt2m,0.0
PPCDC,0.0001416799999999982
ATPATF1,0.0
PRATPP,0.01151104
ASPTRS,0.036302464
TYRt6,0.0
FAO161p_even,0.0
PSERDv_RT,0.0
IMPC,-0.03396290400001516
DGTUP,0.0
PDE5,0.0
NDPK9,0.0
RNDR4n,0.0
SUCRe,0.0
TYRt7,0.0
RPE,0.35794025595318985
HEX4,0.0
ILEt7,0.0
ADNUC,0.0
DHQTi,0.034439464000007546
ORNt3m,0.028918544
LEUTAm,0.0
ECOAH6m,0.0
NADH2_u9cm,0.0
OMCDCm,0.0
FA182COAabcp,0.0
CHLPCTD,0.0
NDPK2,0.33180223200000003
ACOAH,0.0
CERS2p26er,0.0
PYK,2.6907888832488283
TRDRm,0.0
FAS180COA,0.03524846701365106
PPCOAOm,0.0
GHMT2r,-0.186711976
ACACT5p,0.0
ALLTAHr,0.0
CERS324er,0.0
PGAMT,0.0
PMEVK,0.1625371179052768
FAS80COA_L,0.039649085026267454
DHFS,0.0007179680000000133
ACGKm,0.028918544
PGCD,0.0
PPBNGS,0.000508576
PRMICI,0.01151104
PPNCL3,0.0001416799999999982
NNAMrm,0.0
PGM,-2.7596678112488435
CYTK2,0.0
MIP2C224PLCg_RT,0.0
GTMLT,0.0
ASP1DC,0.0
ETHAPTer_RT,0.0
PGMT,-0.30843147200000004
GTHRDabcv,0.0
DOLPMMer,0.148661144
DADK,0.0
DTTGY,0.0
ZYMSTt,-0.02470809965087947
ADNCYC,0.000329728
URIt2,0.0
ASPCT,0.018918512000000005
CYSTRS,0.006305496
ARGt2r,0.0
ACITL,0.0
G12MT2g,0.0
PFK_2,0.0
ABUTD,0.0
PEAMNO,0.0
ALDD2x,0.0
PDE1,0.0
IPCS224g_RT,0.0
ALKP,0.0
3HPCOAHYDm,0.0
ASNt6,0.0
DGTCY,0.0
ATPS,0.0
ACGAMPM,0.0057049200000000005
PHETA1,-0.017510176
HEX10,0.0
16GS,0.03262596
MCOATAm,0.0
NADS1n,0.0
AMPTASECG,0.0
THFGLUS,0.0
ADK1,2.1633754541132526
BTDD_RR,0.0
HMGCOAS,-0.1625371179052768
GTPCI,0.0007179680000000133
GMAND,0.0
MTHFDm,0.0
LEUTRS,0.05891772
PMETMer_RT,0.0031647999999999997
G3PD1ir,0.00033120000000000003
NNAM,0.0
GLPT,0.0
DRBK,0.0
ADNt2,0.0
UREA2t2,0.0
ASPTA,0.3419738835862711
MIPCS326g_RT,0.0
PRAMPC,0.01151104
ADSL1r,0.02283256000001514
ARGN,0.0
ICDHyp,0.0
TKT2,0.6539631083023628
SAM24MTer,0.001036104
BACCL,0.0
DUTUP,0.0
GTHOr,0.0
MTHFD,-0.209672784
ATP2tp_H,0.0004589451125129333
GLUDC,0.0
METt2r,0.0
HBCO_nadp,0.0
VALTAm,0.7155462902250562
GTHRDt2,0.0
METSOXR1,0.0
PLDn_RT,0.0
NAPRTm,0.0
FACOAL260p,0.0
PYDXNK,0.00025631199999999997
ALCD2y,2.0818334898875683
IG3PS,0.01151104
AGATer_RT,0.01559870375043111
DCTPD,0.0
CYTDt2,0.0
UPPRT,0.0
ECOAH12m,0.0007817302250258666
LCYSTCBOXL,0.0
DHAK,0.0
GRTT,0.05377055930175894
ILETRS,0.029176696
IPCS124g_RT,0.0
ILETA,-0.029176696
UREASE,0.0
PTE9m,0.0
TYRTA,-0.011610951999999999
GLCP,0.0
PYRDC,0.1690938902250271
PINOSer_RT,0.0008647999999999999
NNDPR,0.0003096720000075326
MIPC124PLCg_RT,0.0
PIt2m,30.755069298239924
PYDXO_1,0.0
RBFSa,0.000640688
PMANM,-0.148661144
METTRS,0.0104972
NADS1,0.0003096720000075326
PSERDg_RT,0.0
GLYOX,0.0
D_LACDcm,0.0
ACOAO5p,0.0
DRTPPD,0.000320344
ALASm,0.001017152
ALCD24xi,0.0
NDP3g,0.0
DAGPYPer_RT,0.007889103750431111
SPMDt3i,0.0
FACOAL100p,0.0
ACACT6m,0.0
3MOBDC,0.0
DAGKer_RT,0.0
MDHm,2.545314922385085
SERTRS,0.06198408
TALA,-0.29602285234917297
ALCD25xi,0.0
GAPD,2.7596678112488435
OIVD3m,0.0
APCPT,0.0
OCBTm,0.0
C5STDSer,0.001036104
CITtcm,0.30424878400001515
13GS,0.176180368
SHCHD2,0.0
GALKr,0.0
PTE9x,0.0
TMDPK,0.00025631199999999997
CERH126er,0.0
ACONTam,-2.0346439507987837
DCTUP,0.0
MIPC324PLCg_RT,0.0
GLYCTO1p,0.0007179680000000133
FECOSTESTH_RT,0.0
HACD7p,0.0
THRt2r,0.0
ETF,0.0
NP1,0.0
PTPATi,0.0001416799999999982
IGPS,0.110564312
ALDD20x,0.0
LYSt6,0.0
METS,0.021881096
CYSTL,0.0
PI35BP5Per_RT,0.0
NADK,0.00014628000001183639
NTD2,0.0
TRDR,0.02083984000000002
MIPCS226g_RT,0.0
CDPDGPm_RT,0.00033120000000000003
FA141COAabcp,0.0
HISTP,0.01151104
FACOAL161p,0.0
GK1,0.011130344000000014
EPISTATer_RT,0.0
ACHLE2,0.0
ACACT6p,0.0
GMPS2,0.0
ADCS,0.0007179680000000133
IMPD,0.011130344000000014
TRPTA,0.0
COAHLp,0.0
LANOSTESTH_RT,0.0
ORNTACim,0.028918544
VALt2r,0.0
C24STRer,0.001036104
ASNt7,0.0
YUMPS,0.0
PCDAGATer_RT,7.889103750431111e-05
FA161COAabcp,0.0
IPC226PLCg_RT,0.0
FAS140COA,0.039649085026267454
ACLSm,0.11047204222502605
FAO141p_odd,0.0
G6PDH2r,0.35858094395318985
PIN3Kn_RT,0.0
PSPHSer,0.000737104
PDHm,1.9034686947987522
NH4t,1.2145758763492414
GLUCYS,0.00035328
ALATRS,0.106273616
PPPGOm,6.3572e-05
DCMPDA,-0.00078844
GLNTRS,0.021693232
AMPDA,0.0
OCBT,0.0269882
ACACT1r,0.1625371179052768
ADEt2,0.0
TREH,0.0
GLUt2r,0.0
FECOSTt,0.0
BFFS,0.0
TRIGSer_RT,0.0
DDPAm,0.0
GBEZ,0.095324696
HPROb,0.0
TMPPP,0.00025631199999999997
TKT1,-0.29602285234917297
FBA,1.005884103348456
DB4PS,0.000640688
ARGSS,0.0269882
DHQS,0.034439464000007546
LEUt2r,0.0
PSCVT,0.034439464000007546
ABUTt2r,0.0
ECOAH6p,0.0
CTPS1,0.008258103999999988
LANOSTATer_RT,0.0
MIP2C226PLCg_RT,0.0
HACD5p,0.0
ACGAM6PS,0.0057049200000000005
GTHS,0.00035328
GUACYC,0.0
GLUt7m,0.21665764136126026
PRASCSi,0.022451864000015153
UTUP,0.0
PPND2,0.011610951999999999
PRAGSr,0.022451864000015153
FAS120COA,0.039649085026267454
SERPTer,0.000737104
G5SD,0.043405048
MTRI,0.13131322834915082
CYSS,0.0
GLCS2,0.0
HISt2r,0.0
ATHRDHr,0.0
DOLPMTcer,0.148661144
PEPAT,0.0
CYSTA,0.0
PROt2r,0.0
ACOAD9m,0.0007817302250258666
DROPPRx,0.000320344
PDXPP,0.0
G12MT1g,0.0
PPAm,0.1715444022250271
AIRCr,0.022451864000015153
LEUTRSm,0.0
GLYK,0.0
GTHOm,0.0
CSNATm,0.0007817302250258666
NTPP10,0.0
PUNP2,0.0
HEMEOSm,0.000127144
PIN4Kn_RT,0.0
ADSL2r,0.022451864000015153
NDPK5,0.0
ALAt2r,0.0
FAO181p_even,0.0
CSNt2,0.0
GLYCDy,0.0
ATPS3m,29.80930776925247
GLNt6,0.0
DHAD1m,0.11047204222502605
HCYSMT,0.0
HCO3E,0.7410502353352992
FKYNH,0.106273616
UMPKn,0.0
FACOAL120p,0.0
MI1345PKn,0.0
PUNP5,0.0
ARGTRS,0.0269882
HSDxi,0.080254728
TYRTAip,0.0
GLYGS,0.095324696
FBA2,0.0
ASNTRSm,0.0
H2Ot,-10.302904406336346
ASPt7,0.0
ADPRDP,0.0
PRFGS,0.022451864000015153
AMAOTrm,0.00044491200000000217
ILETAm,0.0
PSERSer_RT,0.0059248
NTRLASE,0.0
PHEt2r,0.0
UAGDP,0.0
ACACT9p,0.0
MIPCS324g_RT,0.0
AHSERL2,0.018443792000000018
ASNS1,0.0
EPISTESTH_RT,0.0
MTHFR2,0.022117168
AGTi,0.0
3DSPHRer,0.000737104
PIN4Ker_RT,0.0
PYDXNO,-0.13032698834915082
FRTT,0.0
PNTOt2,0.0
DPR,0.0001416799999999982
SBTD_D2,0.0
SERD_L,0.0
FALDH2,0.0
LYSt2r,0.0
TRE6PP,0.004300448
GLYCt2,0.0
ADMDC,0.13131322834915082
NDPK8,0.0
TYRt2r,0.0
ALCD19y,0.0
MIPC226PLCg_RT,0.0
FRUt2,0.0
ALCD22xi,0.0
ADSS,0.02283256000001514
HPRO_u9m,0.0
ARAB14LO,0.0
PETOHMer_RT,0.0031647999999999997
GTHPi,0.0
THMt2,0.0
UPP3MT,0.0
RPI,0.0
MIP2C126PLCg_RT,0.0
LSERDHr,0.0
HETZK,0.0
UPP3S,0.000127144
THIORDXm,0.0
GLCGSD,0.0
TMDS,0.000464232
XYLTD_D,0.0
VALTRS,0.050630912
URIK1,0.0
ERGSTATer_RT,0.00029439999999999995
PYAM5PO,0.0
NADH2_u9m1,0.0
IPMD,0.05891772
IPC326PLCg_RT,0.0
CHTNS,0.0057049200000000005
PTE2x,0.0
MIPCS224g_RT,0.0
MANt2,0.0
RNDR1,0.000450984
ACACT10m,0.0
SADT,0.0
NTD4,0.0
LPPer_RT,0.0
MDRPD,0.13131322834915082
CLPNSm_RT,0.00033120000000000003
2DOXG6PP,0.0
THRA,0.0
FAS160COA,0.039649085026267454
AASAD1,0.031709456
HACONTbm,0.08428183777500442
UTCY,0.0
ADCL,0.0007179680000000133
MMSAD3m,0.0
GNK,0.0
THRA2,0.0
SQLErx,0.0
NDPK4,0.000464232
PRAIS,0.022451864000015153
ACSm,0.1690938902250271
GND,0.35858094395318985
SULR,0.018443792000000018
CHLt2,0.0
FAO182p_odd,0.0
CERS326er,0.0
PUNP1m,0.0
FACOAL181,0.0
AMID3,0.0
FMETTRSm,0.0
CATp,0.00035898400000000663
LEUt6,0.0
MI4PP,0.0
FADFMNtm,0.0
SBPP1er,0.0
ACHLE3,0.0
PDE2,0.0
GUAt2r,0.0
GLUt7,0.0
PUNP1,-0.13131322834915082
EPISTt,0.0
ME2,0.0
SACCD1,0.031709456
IPPMIb,-0.05891772
C8STIer,0.001036104
IPC126PLCg_RT,0.0
PLBP1Ie_RT,0.0
APNPT,0.0
PGK,-2.7596678112488435
CTPtm,0.000535256
ORNTArm,0.0
PUNP7,0.0
ARGTRSm,0.0
ADNK1,0.1422522123491508
CYTK1,0.0
FACOAL160,0.0
RNDR4,0.001252672
MALT,0.0
ACS2,0.0
CTPS2,0.0
ORNt2r,0.0
ACONTbm,2.0346439507987837
FAO182p_even,0.0
CYSTGL,0.0075016800000000106
ECOAH4m,0.0
OPAH,0.0
THRD_L,0.021675015999999984
HISTRSm,0.0
PTE7m,0.0
PLBPC_RT,0.0
LEUt7,0.0
ADHAPRer_RT,0.01559870375043111
C22STDSer,0.001036104
SACCD2,0.031709456
ASPTAp,0.0
PFK_3,0.0
ILEt6,0.0
PROTRS,0.043405048
ACOAO8p,0.0
FBP,0.0
NMNAT,0.00025631199999999997
TRPO2,0.106273616
BPNT,0.0
IPCS126g_RT,0.0
ALCD26xi,0.0
SHCHF,0.0
PUNP4,0.0
ATPATF2,0.0
MTHFC,-0.209672784
PI4P5Kn_RT,0.0
URIDK2rn,0.0
GALt2,0.0
UNK3,0.13131322834915082
ORNDC,0.0019303440000000005
CHOLK,0.0
MIPC126PLCg_RT,0.0
IPPSm,0.05891772
VALTRSm,0.0
ALLTN,0.0
THIORDXni,0.0
NTPP11,0.0
ABTA,0.0
PYDXPP,0.000256312
SUCFUMtm,0.0
LCYSTintv,0.0
MTHFD2i,0.0
PTE10x,0.0
G3PIt,0.0
PPYRDC,0.0
ALR2,0.0
PC,0.3741250777750044
D_LACt2,0.0
GLYCt,0.0
GLYt2r,0.0
ADSK,0.0
PPCK,0.0
TCHOLAabcv,0.0
SHKK,0.034439464000007546
LYSTRS,0.031709456
MGCHrm,0.0
TAGL_RT,0.0
FRDcm,0.05335411200003029
HACD6p,0.0
4HGLSDm,0.0
FA240tp,0.0
MFAPSer_RT,0.0031647999999999997
ALDD20y,0.0
PDX5POi,0.0
GUAPRT,0.0
GLU5K,0.043405048
MIPC224PLCg_RT,0.0
CHORM,0.029121127999999996
FACOAL80,0.0
FACOAL161,0.0
CYSTAm,0.0
ILEt2r,0.0
UGLT,0.0
ITCY,0.0
GLNt2r,0.0
ADD,0.0
DASYNm_RT,0.0006624000000000001
GF6PTA,0.0057049200000000005
DADA,0.0
NDPK1,0.0
MIPC326PLCg_RT,0.0
FAO181p_odd,0.0
CERS224er,0.0
G3PT,0.00033120000000000003
FA260tp,0.0
MIP2C124PLCg_RT,0.0
ENO,2.7596678112488435
ACON3MT,0.0
HACD8p,0.0
HEX1,2.458913
MCPST,0.0
ASNt2r,0.04658245200004085
AHCi,0.010938983999999999
ADPT2,0.0
ACOTAim,0.028918544
IPCS324g_RT,0.0
ASNN,0.0
NNMT,0.0
ACACT1m,-0.05224959666249142
HACD10p,0.0
DHORTS,-0.018918512000000005
ACACT8p,0.0
PFK,1.0058841033484565
MAN1PT,0.148661144
IPC124PLCg_RT,0.0
PRDX,0.0
ACOAO6p,0.0
RNDR1n,0.0
KARA1im,0.11047204222502605
SBTD_L,0.0
ALCD22yi,0.0
DNADDP,0.0
SUCOASm,-1.5116122730237642
THRS,0.06181093599999998
SBPP2er,0.0
UMPK,0.0
PYDXK,0.0
ADPT,0.0
DNMPPA,0.0007179680000000133
MIP2C326PLCg_RT,0.0
ACOAO7p,0.0
FECOSTATer_RT,0.0
ACALDCD,0.0
AMETtm,0.0008898240000000042
CERH124er,0.0
PPA,2.8058883480185215
OMPDC,0.018918512000000005
LPCATer_RT,0.007889103750431111
MI1456PKn,0.0
IPCS326g_RT,0.0
IPPS,0.0
XPPT,0.0
ECOAH4p,0.0
RBFKm,0.0
NDPK6,0.0
ICLp,0.30424878400001515
NACt,0.0
FMNATm,0.0
IMACTD,0.0
ECOAH1m,-0.05257238177500442
FBA3,0.0
IPPMIa,-0.05891772
RNMK,0.00025631199999999997
SLFAT,0.018443792000000018
GAT1er_RT,0.0
THRTRS,0.04013592
HPYRRy,0.0
DHORDfum,0.018918512000000005
3HAO,0.0003096720000075326
MIPCS124g_RT,0.0
NNAT,0.0003096720000075326
TRPS1,0.110564312
PTE2m,0.0
PI45BPPn_RT,0.0
FA160COAabcp,0.0
CSND,0.0
SERt2r,0.0
MALTt2,0.0
DPCOAK,0.0001416799999999982
IPDDI,0.05390671930175893
HACD9m,0.0
PI3P5Kn_RT,0.0
AMETt2m,0.00040848
GALT,0.0
POLYAO3,0.0001416799999999982
DUTCP,0.0
ALATA_Lm,-0.3047781520000151
C3STDH2er,0.02682170765087947
PSERDm_RT,0.005556799999999999
ACOAHim,0.0
GDPMANNtg,0.0
RNDR3,0.0
SPRMt2i,0.0
EPGALURSe,0.0
HYPOE,0.0
PUNP3,0.0
CYTDK1,0.0
IGPDH,0.01151104
SPMDtex2,0.0
HMPK1,0.0
FACOAL240p,0.0
ACOAO9p,0.0
GLUTRSm,0.0
VALTA,-0.7661772022250563
SO3ti,0.0
TRE6PS,0.004300448
GALUi,0.30843147200000004
DPMVD,0.1625371179052768
CBPS,0.045906712
DTTUP,0.0
FACOAL100,0.0
GLUTCOADHm,0.05257238177500442
ZYMSTESTH_RT,0.0
KYN3OX,0.0003096720000075326
URIK3,0.0
CYSTS,0.0075016800000000106
MAOX,0.0
NMNATm,0.0
ALCD24yi,0.0
FDH,0.0
NICRNS,0.0
MTAP,0.13131322834915082
ASPTAm,-0.5695886915863013
CAT,0.0
SUCCtm,0.3765214080000454
ORPT,-0.018918512000000005
ATPATF3,0.0
CERS226er,0.0
URIK2,0.0
ICDHxm,1.7303951667987685
HPROa,0.0
ALLTNti,0.0
SLCBK1er,0.0
ACACT7m,0.0
PFK26,0.0
DUTPDP,0.0
FAS100COA,0.039649085026267454
ECOAH8p,0.0
DCYTD,0.0
OCOAT1m,0.0
G3PCt,0.0
GLNt7,0.0
ASPt2r,0.0
PGI,1.7867353360468101
GLYCLm,0.0
PIt2r,0.0
CHORS,0.034439464000007546
ANPRT,0.110564312
GPDDA1,0.0
PTRCtex2,0.0
ACGSm,0.0
ACS,1.0028692166515434
GLUSx,0.0
DDPA,0.034439464000007546
MAN6PI,-0.148661144
HACD1p,0.0
ACHLE1,0.0
PAL,0.0
HEMEASm,0.000127144
PTE8x,0.0
RNDR2n,0.0
PTE12x,0.0
ACONT3m,0.0
ANS,0.004600368000007529
ALLTTti,0.0
PDE3,0.0
POLYAO2,0.13044162034915083
ARMT,0.0
GTPCII,0.000320344
PRPNCOAHYDm,0.0
SUCD2_u9m,1.8881336810238096
GLUPRT,0.022451864000015153
THIORDXi,0.0
MALSp,0.0
ALDD2y,0.0
HISTD,0.01151104
ASNNe,0.0
PYDXS,0.000697912
RBFSb,0.000320344
KARA2im,0.029176696
HMGCOAR,-0.1625371179052768
PTE11m,0.0
MI145PKn,0.0
FACOAL1831,0.0
AP4AH,0.0
RNDR2,0.000692392
L_LACt2r,0.0
GUAD,0.0
INDPYRD,0.0
4MOPDC,0.0
UDPACGLP,0.0057049200000000005
LNSTLSr,0.02682170765087947
PI45BP5Per_RT,0.0
LCYSTATm,0.0
RBFK,0.00013818400000000002
ARGSL,0.0269882
FACOAL140,0.0
ZYMSTATer_RT,0.0003128
ALDD2ym,0.1690938902250271
FUMm,1.8881336810238096
MIPCS126g_RT,0.0
CERS124er,0.0
UTPtm,0.0
PNP,-0.00025631199999999997
ECOAH5p,0.0
HGNTOR,0.0
ALCD23xi,0.0
G5SADm,0.0
ME1m,0.0
FBP26,0.0
MI3PP,0.0008647999999999999
PRPPS,0.16375540000002267
HSDy,0.0
NNATm,0.0
ECOAH11p,0.0
GLCt1,2.458913
ECOAH7m,0.0
ASNTRS,0.01986648
ADK4m,0.1696655782250271
TRPt2r,0.0
PPM,-0.13156954034915083
ERGSTESTH_RT,0.0
THIORDXp,0.0
MTHFR3,0.0
PEPDt3,0.0
PTE10m,0.0
ORNTA,0.0
PUNP6,0.0
SO4ti,0.6358476683493169
AGPRim,0.028918544
ALDD2xm,0.0
HMR_6515,0.0
GLNS,0.13573588000003786
FA181COAabcp,0.0
PSERSm_RT,0.0
UPPDC1,0.000127144
FTHFLmi,0.0
MCITL2m,0.0
PANTS,0.0001416799999999982
FACOAL180,0.0
HMBS,0.000127144
ACCOAC,0.32101844556029485
SQLEr,0.02682170765087947
HISt6,0.0
FUMAC,0.0
ACHBSm,0.029176696
ATPPRT,0.01151104
METAT,0.14314203634915082
MM3,0.0
FACOAE1829Z12Z,0.0
METSOXR2,0.0
FACOAE100,0.0
PYNP2r,0.0
CHOLSH,0.0
I4FE4STm,0.0
NO3t,0.0
UACMAMO,0.0
FACOAE140,0.0
SDPTA,0.0
F6PP,0.0
ORNCD,0.0
UDPDOLPT,0.0
GDPTPDP,0.0
ACOAR5m,0.0
XYLK,0.0
VNDH,0.0
AAMYLASE,0.0
APNn,0.0
UDPGDC,0.0
LIPOCTm,0.0
TGUAt,0.0
ADSHm,0.0
HACD3m,0.0
G12MT3,0.0
G6PP,0.0
NADHXD2,0.0
NA1tm,0.0
MANPGH,0.0
ULA4NFT,0.0
GLCNACT,0.0
LYSTRSm,0.0
ACPT1819Z1819Z,0.0
BTS,0.0
NARK,0.0
CYOO6m,4.885856841015135
2HESR,0.0
NTD6,0.0
3AMACHYD,0.0
ADNtm,0.0
MSAR,0.0
MALCOAMT,0.0
ACANTHAT,0.0
ALDD3y,0.0
GNP,0.0
MLTP2,0.0
SPMDtmr,0.0
CYANST,0.0
NTPP1,0.0
HPYRP,0.0
ACKrm,0.0
GGPTRCS,0.0
FACOAE180,0.0
BTP,0.0
INSH,0.0
BADP,0.0
DNAMTn2r,0.0
CHOLID,0.0
PYDXOR,-0.13007067634915082
PPA2,0.0
UGLYCH,0.0
56DH5FLURAAMH,0.0
ASPTRSm,0.0
I2FE2SS2m,0.0
DKGLCNR1,0.0
34DHPHAMT,0.0
PGP1819Z160t,0.0
13BGHe,0.0
LCARSyi,0.0
TRE6PH,0.0
VNDH_3,0.0
ACACT1p,0.0003227851125129333
3HCINNMH,0.0
IMPDm,0.0
I2FE2SSm,0.0
DHPS2,0.0007179680000000133
UPPDC2,0.0
DHCURR,0.0
FACOAE161,0.0
HEMELm,0.0
FORA,0.0
ACACT5m,0.0
URATEtm,0.0
NTD11,0.0
GLYCK,0.0
LKDRA,0.0
LIPAMPLm,0.000571688
GLCNACPT,0.0
THMPe,0.0
ACOAD5p,0.0
HACD4m,0.0
Cu1ATPase,0.0
ACOAD6p,0.0
FTHFD,0.0
FACOAE1836Z9Z12Z,0.0
GRXR,0.0
TDPDRR,0.0
MG3A,0.0
GOFUCR,0.0
GPDDA2,0.0
NTPP2,0.0
ACOXT,0.0
THRTRSm,0.0
PE1819Z1819Zt,0.0
PAIL1819Z160t,0.0
GDPDPK,0.0
PHDA,0.0
TM1601819Z,0.0
PNSPA,0.0
AMID_1,0.0
MOCOS,0.0
GDMANE,0.0
MDHp,-0.00013616
ACOAR6m,0.0
APSR,0.018443792000000018
NTD1,0.0
6MPURPRT,0.0
NTD7,0.0
MN6PP,0.0
ETHAK,0.0
CMPA,0.0
NADHHS,0.0
MTHFCx,0.0
ACOAD7p,0.0
BDMT,0.0
5DGLCNR,0.0
ACOAD2m,0.0
MM1,0.0
ACOAD3p,0.0
MUCCY_kt,0.0
FACOAE80,0.0
SDPDS,0.0
FACOAE181,0.0
ICYSDSm,0.00044491200000000217
GLCATr,0.0
I2FE2SRm,0.00044491200000000217
ACKr,-0.9844254246515434
ECOAH2m,0.0
MAGAH160,0.0
PG1819Z160t,0.0
5AOPt2,0.0
6TINS5MPOR,0.0
BDHm,0.0
ACOAD1p,0.0
CYNTAH,0.0
ACOAR4m,0.0
A5PISO,0.0
COALDDH,0.0
5FLURAt,0.0
GLUN,0.0
GLYCLTDxm,0.0
GPDDA3,0.0
R5PP,0.0
AMPTASEPG,0.0
HACD3p,0.0
AATHA,0.0
BWCOS,0.0
OAADC,0.0
NTRIR2x,0.0
DOLPMT,0.0
ACPT1601819Z,0.0
FOLR2_1,0.0
CYTDH,0.0
SPMDAT1,0.0
GLYAT,0.0
SULO,0.0
DHFR,0.0011822000000000132
H2CO3D,0.0
SO4t2,-0.6174038763493169
ORNTAC,0.0
PRAIi,0.110564312
LIPATPTm,0.000571688
G3PD_u9cm,0.0
UDPGALOR,0.0
G1PP,0.0
DSERDHr,0.0
FCLPA,0.0
HPYRRx,0.0
FT,0.0
CBPSm,0.0
HXAND,0.0
ACOAR7m,0.0
ACPCS,0.0
MG3B,0.0
ACGS,0.0
ACACT3m,0.0
ANHMK,0.0
A1E,0.0
NADHXE,0.0
FORAMDx,0.0
MM2,0.0
MG1B,0.0
TM1819Z1819Z,0.0
CURR,0.0
MALTATr,0.0
E4PP,0.0
GUDBUTNAH,0.0
URATEt_1,0.0
MAGAH180,0.0
6MPURt,0.0
CHLSTI_1er,0.0
RU5PP,0.0
ARHGDx,0.0
MI13456PKn,0.0
PItn,0.0
NITR,0.0
OXOAEL,0.0
5DKGR,0.0
FACOAE60,0.0
ACOAD4p,0.0
NAMNPP,0.0
GPDDA4,0.0
ECOAH2p,0.0
TRPS2,0.0
MLTP1,0.0
URO,0.0
SERDC,0.0
FE2GTPabc,0.0
DOLASNT,0.0
10FTHFGLULLm,0.0
FE3t,0.001135096
NTD10,0.0
UA4E,0.0
4HBHYOXp,0.0
SULOm,0.0
MAGAH1819Z,0.0
HACD6m,0.0
PE1801829Z12Zt,0.0
LIPOSm,0.0
NADPHXD2,0.0
G12MT4,0.0
H2Otp,-0.00044564800000001327
DHORD_u9m,0.0
6TXAN5MPAML,0.0
ARSO4SH,0.0
AGPR,0.0
GMPS,0.011130344000000014
G16MT,0.0
NTD12,0.0
HACD2p,0.0
BUPN,0.0
TGUAPRT,0.0
FACOAE120,0.0
FACOAE160,0.0
AFLBURPPAAMH,0.0
ACDO,0.13131322834915082
I4FE4SRm,0.0
ACOAR2m,0.0
HCYSMT2,0.0
F1PP,0.0
CHOLD,0.0
SPODM,0.0
NH4tp,0.0
PE1819Z1829Z12Zt,0.0
ACPS1,0.0
ECOAH3m,0.0
GLYTLm,0.0
PMI12346PSn,0.0
MG1A,0.0
BMOCOS,0.0
SERASr,0.0
SPMDAT2,0.0
NTD3,0.0
PE1801819Zt,0.0
NTD9,0.0
TEGAt,0.0
NTPP7,0.0
GAPP,0.0
ACACT3p,0.0
G12MT2,0.0
NTD8,0.0
ACOAD2p,0.0
OCTNLLm,0.0
MG2B,0.0
ACACT2m,0.0
NADPHXE,0.0
G2PP,0.0
ALCD19,0.0
HACD7m,0.0
CATDOX,0.0
BTS5m,0.00044491200000000217
HCO3Em,0.0
BTS_nadph,0.0
ECOAH3p,0.0
NADHHR,0.0
G12MT1,0.0
PPGPPDP,0.0
I2FE2STm,0.00044491200000000217
ACOAR3m,0.0
NADPHHS,0.0
APPTm,0.0
ASNS2,0.01986648
FPGFTm,0.0
G13MT,0.0
2DDARAA,0.0
E4PD,0.0
NTPP8,0.0
FTHFDH,0.0
3HPPPNH,0.0
XAND,0.0
MG2A,0.0
AHGDxm,0.0
MTHFR2m,0.0
GPDDA5,0.0
ACACT2p,0.0
NTD5,0.0
MTHFR3m,0.0
HADPCOADH3,0.0
NADPHHR,0.0
UPLA4FNT,0.0
UDPGLDC,0.0
XTSNH,0.0
VNDH_2,0.0
GCPNn,0.0
HACD2m,0.0
MPTSS,0.0
FACOAE141,0.0
HACD5m,0.0
WCOS,0.0
ALAR,0.0
CLPNDCRNt,0.0
UDPGP,0.0
HSD17B42x,0.0
CSNAT2m,-0.0007817302250258666
GALt1r,0.0
MM8Ber,0.0
HMGLm,0.0003227851125129333
BACCLm,0.0
FADDP,0.0
MANt1r,0.0
NBAHH_ir,0.0
GDPFUCtg,0.0
3HXKYNDCL,0.0
HMGCOARr,0.0
AGTim,0.30522306400001514
MELATN23DOX,0.0
ACOAD1m,0.0
CLPNDCPT1,0.0
ESTRONEGLCt,0.0
SPRMS,0.13058330034915083
DOLPGT3_Uer,0.0
FPGS,0.0
MIP2CS326g_RT,0.0
VLCS2p,0.0
KATPase,0.0
MIP2CS324g_RT,0.0
CRNtim,0.0
SRTN23OX,0.0
UDPGALtg,0.0
HPDCACRNCPT1,0.0
NMPTRCOX,0.0
C181CPT2,0.0
FPGS2,0.0
AMACR2p,0.0
UMPK4,-0.18193165600001512
DOLPGT1_Ler,0.0
5HLTDL,0.0
AGMTm,0.0
XANDp,0.0
AACTOOR,0.0
AMACRr,0.0
UMPK7n,0.0
CHOLD2m,0.0
ARABR,0.0
HIBDm,0.0007817302250258666
FAOXC2452253x,0.0
Kt3g,0.0
LNLNCGCRNt,0.0
TTDCPT2,0.0
LNLNCGCPT2,0.0
MIP2CS224g_RT,0.0
FACOAL244_1,0.0
CYTK8n,0.0
P5CRx,0.043405048
MLTG1,0.0
3SALATAi,0.0
DPGase,0.0
2OXOADOXm,0.05257238177500442
DCSPTN1CPT1,0.0
UREAtm,0.0
CLOXAtex2,0.0
GFUCS,0.0
FPGS8m,0.0
ESTRADIOLGLCt2,0.0
DCSPTN1CPT2,0.0
ESTRIOLGLCte,0.0
GTMLTe,0.0
ACHEe,0.0
SCPx,0.0
HEXCCPT1,0.0
UDPDOLPT_L,0.0
GCHOLAt3,0.0
NRVNCCRNt,0.0
CYTK10,0.008691424
FACOAL2252,0.0
EHGLAT2m,0.0
TETTET6CPT2,0.0
HPDCACRNCPT2,0.0
NMNATn,0.0
ENGASE,0.0
CYTK12n,0.0
FAOXC2452256x,0.0
MG1er,0.0
CPK1,0.0
SCP22x,0.0
LCADi_D,0.0
ACOX2x,0.0
DCSPTN1CRNt,0.0
C161CPT2,0.0
Na1ATPase,0.0
SPMS,0.0007299280000000012
XYLt,0.0
A_MANASE,0.0
MALTt1r,0.0
PTHPS,0.0
C160CPT2,0.0
DOLPGT2_Ler,0.0
FPGS4m,0.0
THBPT4ACAMDASE,0.0
ALR3,0.0
FPGS9,0.0
CYTK10n,0.0
TYRCBOX,0.0
SO4OXAtex2,0.0
UMPK5n,0.0
VLCSr,0.0
DUTPDPm,0.0
PHYCBOXL,0.0
C14STRr,0.02682170765087947
FRUt1r,0.0
SACCD3m,0.0
ACP1_FMN,0.0
TSTSTERONEGLCte,0.0
UDPGLCtg,0.0
EHGLATm,0.0
DESAT1836Z9Z12Zer,0.003914723125129333
TETTET6CRNt,0.0
PTRCOX1,0.0
FACOAL260,0.0
FACOAL150,0.0
CLOHtex2,0.0
CLHCOtex,0.0
ETHP,0.0
SALMCOM2,0.0
CYTK5n,0.0
MI145PPn,0.0
MIP2CS126g_RT,0.0
FACOAL240,0.0
UMPK5,0.0
BILGLCURte,0.0
FACOAL191,0.0
SO4CLtex2,0.0
DOLPMT1_Ler,0.0
SCP3x,0.0
UMPK3,0.0
MAN1_6B1er,0.0
SERLYSNaex,0.0
CHLP,0.0
TTDCRNt,0.0
MMSAD1m,0.0007817302250258666
AKGDm,1.5126294250237642
CYTK13n,0.0
PTDCACRNt,0.0
UMPK4n,0.0
SR5ARr,0.0
FACOAL200,0.0
NRVNCCPT2,0.0
ABTArm,0.0
FACOAL241,0.0
ADPMAN,0.0
NRVNCCPT1,0.0
UMPK6n,0.0
FPGS6m,0.0
ASNtN1,-0.04658245200004085
LCYSTAT,0.0
CHOLATEt3,0.0
AATA,0.031709456
LNLNCGCPT1,0.0
DABT2D,0.0
GAMt1r,0.0
CPCTDTX,0.0
C161CPT12,0.0
FPGS6,0.0
C161CRN2t,0.0
H2O2syn,0.0
13DAMPPOX,0.0
CAMPt,0.0
KYNAKGAT,0.0
CYTK7,0.0
XAOx,0.0
PAPStg,0.0
GLYATm,0.0
AMY2e,0.0
NDP7g,0.0
FACOAL206,0.0
BAMPPALDOX,0.0001416799999999982
SQLSr,0.02682170765087947
PROSTGE2t3,0.0
HSD17B4x,0.0
CYTK14,0.0
PRODt2r,0.0
3AIBTm,0.0
APAT2rm,0.0
GCALDD,0.0007179680000000133
DHPM1,0.0
UGALNACtg,0.0
P45017A1r,0.0
NADH2_u9m2,7.883580001006461
PTHPSn,0.0
ELAIDCRNt,0.0
GLXO2p,0.0
UAG4Ei,0.0
FACOAL40im,0.0
LTC4Sr,0.0
PTDCACRNCPT1,0.0
SERCA,0.0
XAO2x,0.0
CYTK11n,0.0
HEXCCRNt,0.0
UMPK6,0.0
DADAe,0.0
AMACR2r,0.0
LTA4H,0.0
G13MT_L,0.0
CYTK2n,0.0
GLCNACPT_L,0.0
C161CPT22,0.0
FAOXC241181x,0.0
FPGS2m,0.0
DESAT1619Zer,6.072e-06
CGMPt,0.0
CLFORtex2,0.0
DOLPGT3_Ler,0.0
FPGS7,0.0
UMPK3n,0.0
C161CPT1,0.0
ADPGLC,0.0
CSNATer,0.0
C181CPT1,0.0
FPGS8,0.0
FACOAL1813,0.0
GLCtg,0.0
C3STDH1r,0.02682170765087947
CYTK12,0.0
M14NTg,0.0
FPGS5,0.0
SERHL,0.0
CAT2p,0.0
HISTASE,0.0
DOLPGT2_Uer,0.0
VLCSp,0.0
TETTET6CPT1,0.0
HEXCCPT2,0.0
SELADT,0.0
LTDCL,0.0
P45017A3r,0.0
CYTK14n,0.0
FPGS9m,0.0
SPODMm,0.0
FAOXC2442246x,0.0
HISDC,0.0
FAOXC200180x,0.0
HMGLx,0.0
DOLPMT3_Uer,0.0
ACOX22x,0.0
FPGS7m,0.0
NAt3_1g,0.0
DALAt2r,0.0
BDMT_U,0.0
ALAtN1,0.0
CYTK13,0.0
FPGS3,0.0
HPDCACRNt,0.0
UMPK7,-0.010172256
CYTK6n,0.0
34DHPLACOX_NADP,0.0
UDPGLDCg,0.0
LALDO2,0.0
5ADTSTSTERONEGLCte,0.0
AACOATx,0.0003227851125129333
SCP21x,0.0
3SALAASPm,0.0
PTRCAT1,0.0
MIP2CS124g_RT,0.0
C160CRNt,0.0
ENGASE2,0.0
34DHALDD,0.0
DESAT1819Zer,0.03126087988852173
BDMT_L,0.0
MAN1_7Ber,0.0
C181CRNt,0.0
VLCS2r,0.0
BILDGLCURte,0.0
CSNAT2x,0.0
FACOAL2251,0.0
GLCNACPT_U,0.0
CGLYt3_2,0.0
UMPK2,0.21102242400001514
ACRNtm,0.0007817302250258666
CYTK3n,0.0
CHTNASEe,0.0
ALDD21er,0.0
CHTNASE,0.0
ELAIDCPT1,0.0
OIVD1m,0.0
DOLPMT1_Uer,0.0
OXAHCOtex,0.0
CYTK9n,0.0
MACOXO,0.0
CYTK2_1,0.0
CYTK1n,0.0
C3STDH1Pr,0.0
CLPNDCPT2,0.0
C161CRNt,0.0
BTNPLm,0.0
UDPDOLPT_U,0.0
PROD_u9m,0.0
LNS14DMr,0.02682170765087947
5HTRPDOX,0.0
GTPCIn,0.0
GLNtN1,0.0
SCP2x,0.0
TTDCPT1,0.0
CYTK11,0.00078844
BTNPL,0.0
SO4HCOtex,0.0
FPGS4,0.0
5HXKYNDCL,0.0
G13MT_U,0.0
LSTO1r,0.0
FACOAL170,0.0
P45017A4r,0.0
ADSELK,0.0
3SALATAim,0.0
FPGSm,0.0
PTDCACRNCPT2,0.0
CSNAT3x,0.0
NDP8,0.0
FPGS3m,0.0
AHANDROSTANGLCte,0.0
GLYKm,0.00033120000000000003
CYTK4n,0.0
HACD1m,-0.05257238177500442
UMPK2n,0.0
DUTPDPn,0.0
CATm,0.0
ADAe,0.0
ATPtm,30.95189422982618
ACCOAtr,0.0
MI1345PPn,0.0
C4STMO1r,0.02682170765087947
DASPO1p,0.0
HIStN1,0.0
MHISOR,0.0
ALDD19x_P,0.0
CYTK8,-0.000450984
AMACRp,0.0
SBTR,0.0
TCHOLAt3,0.0
MCCCrm,0.0
ELAIDCPT2,0.0
PCLAD,0.0
LCADi,0.0
DOLPMT3_Ler,0.0
CYSTSERex,0.0
CYTK7n,0.0
3HLYTCL,0.0
ACCOAgt,0.0
LFORKYNHYD,0.0
GALOR,0.0
ANDRSTRNGLCte,0.0
SR5AR2r,0.0
FPGS5m,0.0
OIVD2m,0.0007817302250258666
SALMCOM,0.0
TRYPTAOX,0.0
2OXOADPTm,-0.031709456
4HOXPACDOX_NADP,0.0
C160CPT1,0.0
MIP2CS226g_RT,0.0
CYTK9,-0.00078844
PROSTGE1t3,0.0
3HKYNAKGAT,0.0
AMY1e,0.0
DOLPGT1_Uer,0.0
CLHCO3tex2,0.0
DHAAt1r,0.0
P45017A2r,0.0
ARHGDxm,0.0
S3HBTRHDm,0.0
GHBTRHDm,0.0
FALGTHLs,0.0
3HBCOAHLm,0.0007817302250258666
L_LACDcm,0.0
GLYCLTDyp,0.0
GLYOp,0.0
TYROXDAc,0.0
SUCCtp,-0.30424878400001515
ICITtp,0.30424878400001515
CCP2_m,0.0
FRDPtm,0.000127144
IPDPtm,0.00095312
GRDPtm,0.00013616
NPDPS_m,0.00013616
HBZNPT_m,0.00013616
3NPHBH2_m,0.00013616
DHNPBMT_m,0.00013616
NPHMBDC_m,0.00013616
COQ6_m,0.00013616
COQ5_m,0.00013616
COQ7_m,0.00013616
COQ3_m,0.00013616
ETFQO_m,0.0
G5SADs,0.043405048
G5SADrm,0.0
PHCHGSm,0.0
PItx,0.0
PIt9,0.04898356000004085
PMCA,0.0
MI3PS,0.0008647999999999999
ACRS,0.13131322834915082
2OH3K5MPPISO,0.13131322834915082
AOXSp,0.0
DBTSm,0.00044491200000000217
FTHFCLm,0.0
HTMLA_m,0.0
TMLOX_m,0.0
TMABDH1_m,0.0
GBBOX_m,0.0
OBDHm,0.0
GRXRm,0.0
DHAOX_c,0.0
NDPK10m,0.0
NDPK1m,0.0
NDPK2m,0.0
NDPK3m,0.0
NDPK4m,0.0
NDPK5m,0.0
NDPK6m,0.0
NDPK7m,0.0
NDPK8m,0.0
NDPK9m,0.1696655782250271
DNTPPA,0.0007179680000000133
3SALACBOXL,0.0
ACOAD3m,0.0
ACOAD4m,0.0
ACOAD5m,0.0
ACOAD6m,0.0
ACOAD7m,0.0
ACOAD8p,0.0
FAOXC5C3m,0.0
FAOXC7C5m,0.0
FAOXC9C7m,0.0
FAOXC11C9m,0.0
FAOXC13C11m,0.0
FAOXC15C13m,0.0
FAOXC170150m,0.0
FAO183p_even,0.0
FAO183p_odd,0.0
4CMCOAS,0.0
COUCOALp,0.00013616
DESAT1829Z12Zer,0.018461740288107865
CERS118er,0.0
CERS2p18er,0.0
CERD418er,0.0
CERD518er,0.0
CERMT618er,0.0
CER618trg,0.0
CERGT18g,0.0
CER124trg,0.0
CER126trg,0.0
CER224trg,0.0
CER226trg,0.0
CER324trg,0.0
CER326trg,0.0
C3STKR1er,0.02682170765087947
C3STKR2er,0.02682170765087947
FRDPtcr,0.05364341530175894
FAS240COAer,0.0007878022250258666
FAS260COAer,0.0
PLBPEe_RT,0.0
TAGtrd,0.0
EPISTESTtrd,0.0
ERGSTESTtrd,0.0
FECOSTESTtrd,0.0
LANOSTESTtrd,0.0
ZYMSTESTtrd,3.128e-06
DAGL_RT,0.0
MAGL_RT,0.0
PI45BP5Pn_RT,0.0
GLYCtm,0.00033120000000000003
PGPPAm_RT,0.00033120000000000003
PAterm_RT,6.6240000000000004e-06
CDPDAGterm_RT,0.0
PSterm_RT,5.556799999999999e-05
PEterm_RT,-5.556799999999999e-05
PIN3Per_RT,0.0
PIN4Per_RT,0.0
PIN3Pn_RT,0.0
PSERDer_RT,0.0
PMDPHT,0.000320344
SBP,0.0
G6PDH2rp,0.0
PGLp,0.0
GNDp,0.0
OAADCm,0.0
HACONTam,0.08428183777500442
UREAt,0.0
EX_co2_e,6.1379981885807675
EX_h_e,0.41646962034923524
EX_h2o_e,10.302904406336346
EX_nh4_e,-1.2145758763492414
EX_o2_e,-5.450841381174856
EX_pi_e,-0.04898356000004085
EX_so4_e,-0.018443792000000014
EX_glc__D_e,-2.458913
H2Oter,-0.4557157181021103
H2Otg,0.0
H2Otn,0.0
H2Otv,0.0
CO2t,-6.1379981885807675
CO2ter,-0.05713479108934947
CO2tg,0.0
CO2tm,-5.4833972866213765
CO2tn,0.0
CO2tp,0.0
CO2tv,0.0
O2t,5.450841381174856
O2ter,0.32466980381055366
O2tm,4.8867103250151365
O2tn,0.0
O2tp,0.00035898400000000663
ATPM,1.22
BIOMASS_RT,0.184
C30CPT1,-0.0007817302250258666
PCRNtm,-0.0007817302250258666
PCRNtc,0.0
ACRNtp,0.0007817302250258666
DCACOAtr,0.0
DDCACOAtr,0.0
HDCOAtr,0.0
HEXCCOAtr,0.0
HMGCOAtr,0.0
LNLNCGCOAtr,0.0
MALCOAtr,0.002754271787590533
OCDYCACOAtr,0.0
ODECOAtr,0.0
PMTCOAtr,0.004400618012616396
STCOAtr,0.03524846701365106
TDCOAtr,0.0
TTCCOAtr,0.0
FA183COAabcp,0.0
FACOAL180p,0.0
FACOAL181p,0.0
FACOAL182p,0.0
FACOAL1831p,0.0
GLYC3Pter,0.0
DHAPter,0.01559870375043111
EX_13BDglcn_e,0.0
EX_35cgmp_e,0.0
EX_4abut_e,0.0
EX_5adtststeroneglc_e,0.0
EX_5aop_e,0.0
EX_5flura_e,0.0
EX_6mpur_e,0.0
EX_ac_e,0.0
EX_acgam_e,0.0
EX_ach_e,0.0
EX_ade_e,0.0
EX_adn_e,0.0
EX_ahandrostanglc_e,0.0
EX_ala_B_e,0.0
EX_ala__D_e,0.0
EX_ala__L_e,0.0
EX_alltn_e,0.0
EX_alltt_e,0.0
EX_amet_e,0.0
EX_andrstrnglc_e,0.0
EX_arach_e,0.0
EX_arg__L_e,0.0
EX_asn__L_e,0.0
EX_asp__L_e,0.0
EX_bildglcur_e,0.0
EX_bilglcur_e,0.0
EX_ca2_e,-0.00015308799999999998
EX_camp_e,0.0
EX_cgly_e,0.0
EX_chol_e,0.0
EX_cholate_e,0.0
EX_chtn_e,0.0
EX_cl_e,0.0
EX_csn_e,0.0
EX_cu_e,0.0
EX_cys__L_e,0.0
EX_cysi__L_e,0.0
EX_cytd_e,0.0
EX_dad_2_e,0.0
EX_dca_e,0.0
EX_ddca_e,0.0
EX_dhdascb_e,0.0
EX_din_e,0.0
EX_epist_e,0.0
EX_ergst_e,0.0
EX_estradiolglc_e,0.0
EX_estriolglc_e,0.0
EX_estroneglc_e,0.0
EX_fe2_e,0.0007882559999999999
EX_fe3_e,-0.001135096
EX_fecost_e,0.0
EX_fmn_e,0.0
EX_for_e,0.0
EX_fru_e,0.0
EX_g3pc_e,0.0
EX_g3pe_e,0.0
EX_g3pi_e,0.0
EX_gal_e,0.0
EX_galur_e,0.0
EX_gam_e,0.0
EX_gchola_e,0.0
EX_gln__L_e,0.0
EX_glu__L_e,0.0
EX_gluala_e,0.0
EX_gly_e,0.0
EX_glyc_e,0.0
EX_glygn2_e,0.0
EX_glygn4_e,0.0
EX_gthrd_e,0.0
EX_gua_e,0.0
EX_hco3_e,0.0
EX_hdca_e,0.0
EX_hdcea_e,0.0
EX_his__L_e,0.0
EX_ile__L_e,0.0
EX_inost_e,0.0
EX_ins_e,0.0
EX_k_e,-0.107769352
EX_lac__D_e,0.0
EX_lac__L_e,0.0
EX_lanost_e,0.0
EX_leu__L_e,0.0
EX_lys__L_e,0.0
EX_malt_e,0.0
EX_man_e,0.0
EX_met__L_e,0.0
EX_na1_e,-0.004802215999999998
EX_nac_e,0.0
EX_no2_e,0.0
EX_no3_e,0.0
EX_nrvnc_e,0.0
EX_ocdca_e,0.0
EX_ocdcea_e,0.0
EX_ocdcya_e,0.0
EX_oh1_e,0.0
EX_orn_e,0.0
EX_oxa_e,0.0
EX_pail1819Z160_e,0.0
EX_pc_RT_e,0.0
EX_pe1801819Z_e,0.0
EX_pe1801829Z12Z_e,0.0
EX_pe1819Z1819Z_e,0.0
EX_pe1819Z1829Z12Z_e,0.0
EX_pe_RT_e,0.0
EX_pectin_e,0.0
EX_pepd_e,0.0
EX_pg1819Z160_e,0.0
EX_pgp1819Z160_e,0.0
EX_phe__L_e,0.0
EX_pnto__R_e,0.0
EX_pro__D_e,0.0
EX_pro__L_e,0.0
EX_prostge1_e,0.0
EX_prostge2_e,0.0
EX_ptd1ino_RT_e,0.0
EX_ptrc_e,0.0
EX_pyr_e,0.0
EX_ribflv_e,0.0
EX_ser__L_e,0.0
EX_so3_e,0.0
EX_spmd_e,0.0
EX_sprm_e,0.0
EX_strch1_e,0.0
EX_strch2_e,0.0
EX_sucr_e,0.0
EX_tchola_e,0.0
EX_tega_e,0.0
EX_tgua_e,0.0
EX_thm_e,0.0
EX_thmmp_e,0.0
EX_thmpp_e,0.0
EX_thr__L_e,0.0
EX_trp__L_e,0.0
EX_tststeroneglc_e,0.0
EX_ttc_e,0.0
EX_ttdca_e,0.0
EX_tyr__L_e,0.0
EX_ura_e,0.0
EX_urate_e,0.0
EX_urea_e,0.0
EX_uri_e,0.0
EX_val__L_e,0.0
EX_xyl__D_e,0.0
EX_zymst_e,0.02470809965087947
DOLPter,0.148661144
KYNATESYN,0.0
r0647,0.0
3SPYRSP,0.0
3SPYRSPm,0.0
3SALAOX,0.0
DM_aacald_c,0.0
DDPGAm,0.0
34HPPOR,0.0
MACACI,0.0
34HPPYRDC,0.0
IND3ETHt,0.0
EX_ind3eth_e,0.0
AM6SAD,0.0
AMCOXO,0.0
QUILSYN,0.0003096720000075326
PYRt2m,2.153144563248804
LEUt5m,0.0
VALt5m,0.7155462902250562
ILEtmi,0.0
3MOPtm,-0.029176696
3MOBtm,-0.7663188822250563
4MOPtm,0.0
2AMACHYD,0.00025631199999999997
THRtm,0.0
2OBUTtm,0.029176696
2OBUTt,0.0
EX_2obut_e,0.0
NH4tm,0.0
ACALDtm,-0.1690938902250271
HCITSm,0.08428183777500442
AASAD3m,0.0
Htr,0.2186716945746358
PIter,0.007889103750431111
PPItr,-0.06043301530175894
COAtr,-0.043185087038883865
NADPHtru,0.4011936744379248
NADPtru,0.4011936744379248
INOSTter,0.0008647999999999999
CDPCHOLter,0.0
FORtr,-0.02682170765087947
AMETr,0.010530504
AHCYStr,-0.010530504
ATPter,0.0
ADPter,0.0
AMPter,0.0
CTPter,0.0067896
CDPter,0.0
CMPter,-0.0067896
SERter,0.006661904
AKGMALtm,0.6571812413612754
AKGCITtm,0.30424878400001515
ASPGLUm,0.0
UCP2ASPtm,0.5695886915863013
UCP2MALtm,0.0
UCP2OAAtm,0.0
OAAIPMtm,0.05891772
ORNARGtm,0.0
ORNLYStm,0.0
ARGt7m,0.0
LYSt7m,0.0
FE2tm,0.0
CTPtm2,0.000127144
UTPtm2,0.0
GLYtm,-0.3042059120000151
PYDX5Ptm,0.0
5AOPtm,-0.001017152
PPPG9tm,0.000127144
FCLTm,0.000127144
NMNHYD,0.0
PSURIK,0.0
PSURIP,0.0
NADDP,0.0
DHNPA2r,0.0007179680000000133
HPPK2,0.0007179680000000133
DHFRim,0.0
FAAH,0.0
ALDD16er,0.0
ALDD3C161er,0.0
4HBALDDm,0.0
EX_glyclt_e,0.0
GLYCLTt,0.0
GLYCLTtm,0.0
GLYCLTtp,0.0007179680000000133
EX_glx_e,0.0
GLXt,0.0
GLXtm,0.30522306400001514
GLXtp,-0.30496675200001516
TDP,0.0
TMN,0.0
THZPSN4,0.00025631199999999997
HMPPS,0.00025631199999999997
DM_4oglu_c,0.00025631199999999997
THMP,0.00025631199999999997
QUINDH,0.0
DHSKDH,0.0
TAL,0.00013616
CCOAOMT,0.0
EX_4abz_e,0.0
4ABZt,0.0
4ABZtm,0.0
ABZNPT_m,0.0
3NPABH_m,0.0
3NPAHBDH_m,0.0
SERTRSm,0.0
SRC_8aonn_m,0.00044491200000000217
DM_amob_m,0.00044491200000000217
DM_dad_5_m,0.00044491200000000217
METtm,-0.00044491200000000217
CYStm,0.00044491200000000217
SRC_lipoate_m,0.000571688
FAS170COA_L,0.0007817302250258666
HPDCACOAtr,0.0007817302250258666
FAS200COAer,0.0011786673375387999
FAS220COAer,0.0007878022250258666
FAOXC24C22x,0.0
FAOXC22C20x,0.0
FA200tp,0.0
FACOAL200p,0.0
FA220tp,0.0
FACOAL220p,0.0
SK_triglyc_RT_d,0.0
HDCAt,0.0
HDCEAt,0.0
OCDCAt,0.0
OCDCEAt,0.0
OCDCYAt,0.0
LNLNCGt,0.0
HPDCAt,0.0
ARACHt,0.0
DOCOSACt,0.0
TTCt,0.0
EPISTtr,0.0
ERGSTtr,0.0
FECOSTtr,0.0
LANOSTtr,0.0
ZYMSTtr,-0.02470809965087947
SK_epistest_RT_d,0.0
SK_ergstest_RT_d,0.0
SK_fecostest_RT_d,0.0
SK_lanostest_RT_d,0.0
SK_zymstest_RT_d,0.0
SRC_trnaala_c,0.106273616
SRC_trnacys_c,0.006305496
SRC_trnaasp_c,0.036302464
SRC_trnaglu_c,0.038395832
SRC_trnaphe_c,0.017510176
SRC_trnagly_c,0.09443248
SRC_trnahis_c,0.011254728
SRC_trnaile_c,0.029176696
SRC_trnalys_c,0.031709456
SRC_trnaleu_c,0.05891772
SRC_trnamet_c,0.0104972
SRC_trnaasn_c,0.01986648
SRC_trnapro_c,0.043405048
SRC_trnagln_c,0.021693232
SRC_trnaarg_c,0.0269882
SRC_trnaser_c,0.06198408
SRC_trnathr_c,0.04013592
SRC_trnaval_c,0.050630912
SRC_trnatrp_c,0.004290696
SRC_trnatyr_c,0.011474792
EX_mg2_e,-0.011355744
MG2t,0.011355744
EX_mn2_e,-0.000111688
MNt,0.000111688
CU2t,9.659999999999999e-05
EX_cu2_e,-9.659999999999999e-05
Zn2t,9.384000000000001e-05
EX_zn2_e,-9.384000000000001e-05
Kt2r,0.107769352
CA2t,0.00015308799999999998
PACCOAL,0.0
PACCOALp,0.0
3HPDm,0.0
COUCOAHp,0.00013616
4HBZACCOARp,0.00013616
4HBZACCOATp,0.00013616
4HBZCOAEp,0.00013616
4HBZtp,-0.00013616
4HBZtm,0.00013616
T4HCINNMtp,0.00013616
EX_T4hcinnm_e,0.0
T4HCINNMt,0.0
34DHBZtp,0.0
PCADYOX,0.0
4CMLCL_kt,0.0
3OADPCOATm,0.0
3OXCOATm,0.0
3OXOADPTm,0.0
PPItx,-0.0004589451125129333
Htx,-0.0010540502250258666
COAtp,0.0
CRNtp,0.0007817302250258666
AKGtp,0.0
MAL_Ltx,0.00013616
OAAtp,-0.00013616
EX_fer_e,0.0
FERt,0.0
FERULCOAS,0.0
CAFFCOAE,0.0
34DHCINMtp,0.0
CAFFCOALp,0.0
CAFFCOAHp,0.0
34DHBZACCOARp,0.0
34DHBZACCOATp,0.0
34DHBZCOAEp,0.0
EX_bz_e,0.0
BZt,0.0
BZ4OX,0.0
RBK_Dr,0.0
EX_arab__L_e,0.0
ARAB_Lt,0.0
XYLR,0.0
ABTD,0.0
XYLUR,0.0
ARAB1D,0.0
DABT4D,0.0
EX_lyx__L_e,0.0
LYXt,0.0
LYXR,0.0
EX_abt_e,0.0
ABTt,0.0
EX_xylt_e,0.0
XYLTt,0.0
EX_xylu__D_e,0.0
XYLUDte,0.0
EX_abt__D_e,0.0
ABT_Dt,0.0
EX_rbl__D_e,0.0
RBL_Dt,0.0
FPK,0.9844254246515434
XPK,0.0
GGDPter,0.0
PSYer,0.0
PDSer,0.0
LYCOPCer,0.0
GCAROCer,0.0
BCAROtrd,0.0
DM_bcaro_d,0.0
DM_3aap_c,0.13044162034915083
DIAT,0.13044162034915083
EX_succ_e,0.0
EX_tre_e,0.0
TREHe,0.0
TREt2,0.0
EX_galt_e,0.0
GALTt,0.0
EX_ser__D_e,0.0
SER_Dt,0.0
EX_sbt__D_e,0.0
SBT_Dt,0.0
EX_glcn_e,0.0
GLCNte,0.0
EX_glyc3p_e,0.0
EX_g6p_e,0.0
EX_h2o2_e,0.0
H2O2t,0.0
GXLOe,0.0
MTHGXLe,0.0
EX_rib__D_e,0.0
RIBt,0.0
EX_thymd_e,0.0
THYMDt1,0.0
EX_asp__D_e,0.0
ASPDTDe,0.0
EX_12ppd__S_e,0.0
12PPDSt,0.0
EX_12ppd__R_e,0.0
12PPDRte,0.0
EX_akg_e,0.0
EX_g1p_e,0.0
EX_f6p_e,0.0
EX_malttr_e,0.0
MLTG1e,0.0
MALTe,0.0
EX_melib_e,0.0
MELIBt2,0.0
GALS3,0.0
MLTG4,0.0
MLTG3,0.0
MLTG2,0.0
EX_cit_e,0.0
EX_fum_e,0.0
EX_ppa_e,0.0
PPAtr,0.0
EX_cellb_e,0.0
BG_CELLB,0.0
EX_acac_e,0.0
ACACt2,0.0
ACACt2m,-0.0003227851125129333
ACACtx,0.0003227851125129333
EX_mal__L_e,0.0
EX_tym_e,0.0
TYMte,0.0
EX_peamn_e,0.0
EX_etha_e,0.0
ETHAt,0.0
EX_glycogen_e,0.0
EX_mannan_e,0.0
EX_arab__D_e,0.0
ARAB_Dt,0.0
DARABR,0.0
EX_drib_e,0.0
DRIBt,0.0
EX_srb__L_e,0.0
SRB_Lt,0.0
EX_but_e,0.0
BUTt,0.0
EX_hxa_e,0.0
HXAt3,0.0
FACOAL40,0.0
FACOAL60,0.0
C40CPT1,0.0
C60CPT1,0.0
C40CRNt,0.0
C60CRNt,0.0
C40CPT2,0.0
C60CPT2,0.0
EX_4hbz_e,0.0
4HBZte,0.0
EX_bhb_e,0.0
BHBt,0.0
BHBtm,0.0
EX_ghb_e,0.0
GHBt,0.0
GHBtm,0.0
4ABUTtm,0.0
EX_5dglcn_e,0.0
5DGLCNt,0.0
EX_quin_e,0.0
QUINt,0.0
EX_ad_e,0.0
ADtr,0.0
EX_acglu_e,0.0
ACGLUtd,0.0
EX_hom__L_e,0.0
HOMt,0.0
EX_dha_e,0.0
DHAt,0.0
EX_btd_RR_e,0.0
BTDt_RR,0.0
EX_citr__L_e,0.0
CITRte,0.0
EX_mma_e,0.0
MMAt2e,0.0
EX_agm_e,0.0
AGRMte,0.0
AGMt_m,0.0
EX_hista_e,0.0
HISTAtu,0.0
EX_frmd_e,0.0
FRMDt,0.0
EX_gsn_e,0.0
GSNt,0.0
EX_thym_e,0.0
THYMt,0.0
EX_xan_e,0.0
XANt,0.0
EX_xtsn_e,0.0
XTSNtr,0.0
EX_ppi_e,0.0
PPIt2r,0.0
EX_pppi_e,0.0
PPPIt2r,0.0
EX_amp_e,0.0
EX_cmp_e,0.0
EX_gmp_e,0.0
EX_ump_e,0.0
NTD2e,0.0
NTD4e,0.0
NTD7e,0.0
NTD9e,0.0
EX_glyc2p_e,0.0
G2PPe,0.0
EX_cbp_e,0.0
CBPt,0.0
EX_2pg_e,0.0
EX_glyc__R_e,0.0
2PGPe,0.0
GLYC_Rt,0.0
EX_3pg_e,0.0
3PGPe,0.0
EX_pep_e,0.0
PEPPe,0.0
EX_2doxg6p_e,0.0
EX_gam6p_e,0.0
GAM6PPe,0.0
EX_6pgc_e,0.0
GNPe,0.0
EX_35ccmp_e,0.0
CCMPt2,0.0
CAMPt2,0.0
CGMPt2,0.0
EX_man1p_e,0.0
MAN1PPe,0.0
EX_man6p_e,0.0
MAN6PPe,0.0
EX_pser__L_e,0.0
PSERtr,0.0
EX_cholp_e,0.0
CHOLPtr,0.0
EX_ethamp_e,0.0
ETHAMPtr,0.0
EX_dtmp_e,0.0
NTD5e,0.0
EX_minohp_e,0.0
MINOHPtn,0.0
PHYTSe,0.0
MINPP1er,0.0
MINPP2er,0.0
MINPP3er,0.0
MINPP4er,0.0
EX_tsul_e,0.0
TSULt4_3,0.0
EX_Lcyst_e,0.0
LCYSTt,0.0
EX_3sala_e,0.0
3SALAt,0.0
EX_cyst__L_e,0.0
CYST_Ltr,0.0
EX_metsox_S__L_e,0.0
EX_metsox_R__L_e,0.0
METSOX1t,0.0
METSOX2t,0.0
EX_taur_e,0.0
TAURt,0.0
EX_hyptaur_e,0.0
BG_MBDG,0.0
EX_mbdg_e,0.0
MEOHt2,0.0
EX_meoh_e,0.0
RBTt,0.0
EX_rbt_e,0.0
RBTDG,0.0
EX_arbt_e,0.0
EX_hqn_e,0.0
ARBTHe,0.0
EX_salcn_e,0.0
EX_2hxmp_e,0.0
SALCNHe,0.0
EX_btn_e,0.0
BTNt2i,0.0
EX_fol_e,0.0
FOLt,0.0
NADtm,0.0
EX_pydxn_e,0.0
PYDXNtr,0.0
RIBFLVt2,0.0
tr_0001,0.0
EXC_OUT_phyto_d,0.0
MDHc,-0.6570450813612756
