,4
Biomass growth rate,0.20108743217211505
Glucose uptake,-2.6619851
RLFC2O_c,0.0
RLFC2O_m,0.0
BTDDH_c,0.0
LLFC2O_c,0.0
13GS_c,0.20131325335844433
16GS_c,0.052977288355472406
PRMICI_c,0.015343373249596722
P5CD_m,0.0
DHPPDA2_c,4.021748643442301e-05
DRAPPRy_c,4.021748643442301e-05
ACHBS_m,0.04682521945559871
HPPK2_m,0.0
AATA_c,0.05223105289468168
DPR_c,2.010874321712557e-05
DDPA_m,0.0
IPPMIb_c,-0.06367896040824018
UNK3_c,4.0217486434337076e-05
HCITR_m,0.05223105289468168
MCITS_m,0.0
OMCDC_c,0.06367896040824018
OMCDC_m,0.0
BPNT_c,0.010236355734721429
PDE1_c,0.0
PDE2_c,0.0
PDE3_c,0.0
PDE4_c,0.0
PDE5_c,0.0
DB4PS_c,8.043497286884603e-05
DHQTi_c,0.05070158188558048
DHQS_c,0.05070158188558048
3DSPHR_r,0.0016249875393828618
DDPA_c,0.05070158188558048
HKYNH_c,4.021748643432928e-05
HACD140i_x,0.0
3HAO_c,4.021748643432928e-05
3IPM3MT_c,0.0
IPPMIa_c,-0.06367896040824018
IPMD_c,0.06367896040824018
3MOBDC_c,0.0
MTMOHT_m,2.010874321712557e-05
3MOPDC_c,0.0
PSCIT_c,0.05070158188558048
ADCS_c,2.0108743217212082e-05
ADCL_c,2.0108743217212082e-05
ABTA_c,2.0108743217211506e-05
4HTHRS_c,0.0
4DPMIPPH_c,0.0
IPPYP1_c,0.0
MTAP_c,4.0217486434337076e-05
NTD4pp_c,0.0
NTD2pp_c,0.0
PRFGS_c,0.024386878336671268
MTHFR3_c,0.05454275401493232
ALAS_m,0.00016086994573769205
PMI12346PS_c,0.0
FTHFCL_c,0.0
MHPGLUT_c,0.0
MDRPD_c,4.0217486434337076e-05
MTRI_c,4.0217486434337076e-05
IPPYP2_c,0.0
IPPYP3_c,0.0
6DPMIPPH_c,0.0
IPPYP4_c,0.0
ACALDCD_c,0.0
KARA1i_m,0.12197219612061454
ACLS_m,0.12197219612061454
ACOATA_m,0.0
ACACT180i_x,0.0
ACACT260i_x,0.0
ACACT160i_x,0.0
ACACT40ir_c,0.1799290125589651
ACACT140i_x,0.0
ACACT100i_x,0.0
ACACT120i_x,0.0
ACS_n,0.0
ACGK_m,0.0642556791637098
ACP1_e,0.0
ACONT2_m,0.0
ACOTAi_m,0.0642556791637098
ACOAO100_x,0.0
ACOAO120_x,0.0
ACOAO260_x,0.0
ACOAO160_x,0.0
ACOAO180_x,0.0
ACOAO140_x,0.0
ADD_c,0.0
ADPT_c,4.0217486434337076e-05
ADA_c,0.0
ADNK1_c,0.04545963470371788
AMPDA_c,0.0
AHCi_c,0.04545963470371788
ADMDC_c,4.0217486434337076e-05
AMAOTr_c,0.0
ADNCYC_c,0.0
ADK1_c,1.079241080110184
ADK1_m,0.0
ADK3_m,0.0
ADSL2i_c,0.024366769593454057
ADSL1r_c,0.024995771081288434
ADSS_c,0.024995771081288434
ADSK_c,0.010236355734721429
AGTi_c,0.0
ALATRS_c,0.07767082502620813
ALCD2i1_c,0.0
ALCD19y_c,0.0
ALCD2i2_m,0.0
ALCD22xi_c,0.0
ALCD22xi_m,0.0
ALCD22yi_c,0.0
ALCD25xi_c,0.0
ALCD25xi_m,0.0
ALCD25yi_c,0.0
ALDD2x_m,0.0
ALDD2y_m,0.0
ALDD20x_m,0.0
ALDD20y_m,0.0
ALCD24xi_c,0.0
ALCD24xi_m,0.0
ALCD24yi_c,0.0
ALCD23xi_c,0.0
ALCD23xi_m,0.0
ALCD23yi_c,0.0
ALCD26xi_c,0.0
ALCD26xi_m,0.0
AKP1_c,0.0
ATAH_c,0.0
ALLTN_c,0.0
ALPHNH_c,0.0
12AMANTF_g,0.0
TREH_v,0.0
TRE6PS_c,0.0
AMID_c,0.0
AACTOOR_c,0.0
ABUTD_m,0.0
ANPRT_c,0.0052077623183933415
ANS_c,0.0052077623183933415
AP4AH_c,0.0
ARGN_c,0.0
ARGSL_c,0.030686746499193444
ARGSS_c,0.030686746499193444
ARGTRS_c,0.030686746499193444
ASNS1_c,0.03688767964508496
ASNTRS_c,0.03688767964508496
ASNTRS_m,0.0
ASPCT_c,0.025270657601069835
ASPK_c,0.10020970986121963
ASPTA_c,2.311607879199321
ASPTA_x,0.0
ASAD_c,0.10020970986121963
ASPTRS_c,0.03688767964508496
ATPATF1_c,0.0
ATPPRT_c,0.015343373249596722
ATPASEP2e_c,0.5330689076554052
14BMANTF_c,0.0
BTS1_c,0.0
BACCL_c,0.0
C14STR_c,0.02062573900532601
C22STDSy_c,0.0
C3STDH2_c,0.02062573900532601
C3STDH1_c,0.02062573900532601
C4STMO1_c,0.02062573900532601
C4STMO2_c,0.02062573900532601
C4STMO3_c,0.02062573900532601
C4STMO4_c,0.02062573900532601
C5STDS_c,0.0
C8STI_c,0.02062573900532601
C24STR_r,0.0
CBPS_c,0.055957404100263286
CRNOAT_c,0.0
CRNOAT_x,0.0
CAT_c,1.0054371608562785e-05
CAT_x,0.0
CERH124A_r,0.0
CERH124B_r,0.0
CERH126A_r,0.0
CERH126B_r,0.0
CERH2A24_r,0.0
CERH2A26_r,0.0
CERH324_r,0.0
CERH326_r,0.0
CHTNDA_c,0.0
CHTNS_c,0.004759538432081791
CHOLK_c,0.0
CHLPCTD_c,0.0
CHORM_c,0.04547371082396993
CHORS_c,0.05070158188558048
FRTT_l,0.0031174584609643
GGTT_l,0.0031174584609643
PPTT_l,0.0031174584609643
PRENT6_l,0.0031174584609643
PRENT7_l,0.0031174584609643
PRENT8_l,0.0031174584609643
PRENT9_l,0.0031174584609643
PRENT10_l,0.0031174584609643
PRENT11_l,0.0031174584609643
PRENT12_l,0.0031174584609643
PRENT13_l,0.0031174584609643
PRENT14_l,0.0027710741875238225
PRENT15_l,0.002424689914083345
PRENT16_l,0.002078305640642867
PRENT17_l,0.0017319213672023891
PRENT18_l,0.0013855370937619113
PRENT19_l,0.0010391528203214334
PRENT20_l,0.0006927685468809556
PRENT21_l,0.0003463842734404778
CS_m,2.79413839777345
CS_x,0.0
CPPPGO_c,2.0108743217211506e-05
CTPS2_c,0.017836254146234434
CTPS1_c,0.0
CBL_c,0.0
CYSTS_c,0.001153236423506994
CYSTGL_c,0.001153236423506994
METB1_c,0.0
CYSS_c,0.0
CYSTRS_c,0.0011130189370726568
CYTD_c,0.0
CYTDK2_c,0.0
LNS14DMy_c,0.02062573900532601
CSND_c,0.0
ARAB14LO_c,0.0
ARAB1Dx_c,0.0
FBA2_c,0.0
SBTD_D2_c,0.0
DCMPDA_c,0.0014267153312611564
DCTPD_c,0.0
DADA_c,0.0
DCYTD_c,0.0
DGK1_c,0.0
DXHPSq9_c,0.0
DRBK_c,0.0
DHFRi_c,0.0014468240744783686
DHFRi_m,0.0
DHFS_1_c,2.0108743217212082e-05
DHNPA2i_m,2.0108743217212082e-05
DNMPPA_c,2.0108743217212082e-05
DHORTS_c,-0.025270657601069835
DHPTS_m,2.0108743217212082e-05
FOLD3_m,0.0
DHAD1_m,0.12197219612061454
DHAD2_m,0.04682521945559871
DHAK_c,0.0005209197650791853
DMATT_c,0.044389045214833535
DPGM_c,0.0
PMI1346PS_c,0.0
DIPS_c,0.0
DOLK_c,0.0
DOLPMT_c,0.023274663749329284
DOLPMMT_r,0.0
DTMPK_c,0.0014267153312611564
DUTPDP_c,0.0
EPGALURS_e,0.0
ENO_c,3.7362205500790138
ETHAK_c,0.0
ACHLE3_c,0.0
13BGH_e,0.0
FRTT_c,0.0
FACOAL100_x,0.0
FACOAL120_x,0.0
FACOAL160_x,0.0
FACOAL80_x,0.0
FACOAL140_x,0.0
FECPOR_m,0.0
AFAT_c,2.0108743218116842e-05
FALDH_c,0.0
FDH_c,0.04565046667684714
FTHFL_m,-0.02480353149613198
FBP2_c,0.0
FBP_c,0.0
FBA_c,0.0
FUM_m,1.445243346275553
FUM_c,0.08006939591715345
DHORDfum_c,0.025270657601069835
FRD_c,-0.025290766344287046
GTMLT_c,0.0
GALKi_c,0.0
GALT_c,0.0
GLUCYS_c,0.0
GGTT_c,0.0
GRTT_c,0.044389045214833535
GLCGSD_c,0.0
GLCGSD_v,0.0
G6PDA_c,0.0
G6PDH2i_c,1.4500023137265952
PGI_c,0.9482399287228055
GLU5K_c,0.0
GLUDC_c,0.0
GLUDxi_c,0.0
GLUDy_c,1.1346328197196685
GLUSx_c,0.0
G5SDy_c,0.0
GLUN_c,0.0
GLNS_c,0.27074431976396385
GF6PTA_c,0.014410729739182454
GLNTRS_c,0.06153255315723504
GLUTRS_c,0.06153255315723504
GLUTRS_m,0.0
GTHO_c,0.0
GTHO_m,0.0
GTHP_c,0.0
GTHP_m,0.0
GTHS_c,0.0
GAPD_c,3.928244569508263
GLYK_c,0.0
G3PDf_m,0.0
G3PD1r_c,0.022240775488853677
G3PD1i_m,0.0
GARFT_c,0.024386878336671268
GLYAT_c,0.0
GLYCL_m,0.0
GHMT2r_c,0.12006649052591552
GCC2a_m,0.0
GCC2c_m,1.4454042162212908
GCCa_m,0.024823640239349104
GCCbi_m,0.024823640239349104
GCCc_m,0.024823640239349104
GCC2bi_m,0.0
GLYGS_c,0.0
GLCP_c,0.0
GLYTRS_c,0.07067499326094025
GMPS2_c,0.014714371761762343
GTPCI_c,2.0108743217212082e-05
GTPCII2_c,4.021748643442301e-05
GUAD_1_c,0.0
GK1_c,0.0
GK2_c,0.014714371761762343
HOMOX_m,2.0108743217211506e-05
HEMEOS_m,2.0108743217211506e-05
HEX7_c,0.0
HEX1_c,2.6619851
HEX4_c,0.0
HISTD_c,0.015343373249596722
HISTP_c,0.015343373249596722
HSTPT_c,0.015343373249596722
HISTRS_c,0.015343373249596722
HISTRS_m,0.0
ARMT_c,0.0
HACNH_m,0.05223105289468168
HCYSMT_c,0.0
HICITD_m,0.05223105289468168
HSDy_c,0.0
HSK_c,0.08995324538328099
HSERTA_c,0.01025646447793864
THIORDXi_x,0.0
GLYOX_c,0.0
HETZK_c,0.0
PPBNGD_c,2.0108743217211506e-05
HMGCOAR_c,0.1799290125589651
HMGCOAS_c,0.1799290125589651
HMGCOAS_m,0.0
HMPK1_c,2.0108743217211506e-05
IG3PS_c,0.015343373249596722
IGPDH_c,0.015343373249596722
IGPS_c,0.0052077623183933415
INDPYRD_c,0.0
PPA_c,1.6731298870632596
IPK2_n,0.0
IPK3_n,0.0
IPK4_n,0.0
IPK5_n,0.0
ACHLE1_c,0.0
ACHLE2_c,0.0
ICDHx_m,1.4767266000935788
ICL_1_c,0.0
ILETA_c,0.0
ILETA_m,-0.04682521945559871
ILETRS_c,0.04682521945559871
ILETRS_m,0.0
IPDDI_c,0.044389045214833535
ITCOAL_m,0.0
KARA2i_m,0.04682521945559871
KYN_c,0.0
KYN3OX_c,4.021748643432928e-05
PHCD_m,0.0
4HGLSD_m,0.0
THRA2_c,0.0
ATHRDHr_c,0.0
AASADy_c,0.05223105289468168
EGHLAT_c,0.0
EGHLAT_x,0.0
HPRORy_c,0.0
LALDO3_c,0.0
LSERDHi_c,0.0
SBTD_L_c,0.0
THRD_L_m,0.04567198303209171
TRPO2_c,4.021748643432928e-05
LCADi_c,0.0
LGTHL_c,0.0
LNSTLS_c,0.02062573900532601
LEUTA_c,-0.06367896040824018
LEUTA_m,0.0
LEUTRS_c,0.06367896040824018
LTA4H_c,0.0
LTA4H_n,0.0
LTA4H2_c,0.0
LTA4H2_n,0.0
LTA4H3_c,0.0
LTA4H3_n,0.0
LYSTRS_c,0.05223105289468168
MDH_m,5.385051290899166
ME1_m,0.3105027235907417
MAN1PT_c,0.07730022088871492
MAN6PI_c,-0.07730022088871492
MTHFC_m,0.02480353149613198
METAT_c,0.04551996093336943
METS_c,0.05454275401493232
FMETTRS_m,0.0
METTRS_c,0.009063010567997225
METTRS_m,0.0
MTHFD2i_c,0.0
MTHFD_m,0.02480353149613198
MCITL2_m,0.0
MEVK1_c,0.0
MEVK2_c,0.0
MEVK3_c,0.0
MEVK4_c,0.1799290125589651
DPMVD_c,0.1799290125589651
MI1PP_c,0.009452315836682441
M1PS_c,0.009452315836682441
AGPRi_m,0.0642556791637098
ACGAM6PS_c,0.014410729739182454
ACGS_m,0.0
FKYNH_c,4.021748643432928e-05
NADDP_x,0.0
NADK_c,0.0
NADK_m,0.0
NADN_n,0.0
NADS2_c,4.021748643432928e-05
NADS2_n,0.0
NADHq9_c,0.0
NADHK1_c,2.0108743217228664e-05
NADHK1_m,0.0
NAMNPP_c,0.0
NAMNPP_m,0.0
NNAM_c,0.0
NNMT_c,0.0
NNDPR_c,4.021748643432928e-05
NNDPR_m,0.0
NDP1_c,0.0
NDP3_c,0.0
NDP7_c,0.0
NDP7_g,0.0
NDP5_c,0.0
NDP10_c,0.0
NDPK3_c,0.036227205202078235
NDPK8_c,0.0161410870930235
NDPK7_c,0.0022268422238740024
NDPK5_c,0.0022268422238740024
NDPK4_c,0.0014267153312611564
NDPK1_c,0.1147835215078917
NDPK9_c,0.0
NDPK10_c,0.0
NDPK6_c,0.0
NTP3_c,0.0
NTP7_c,0.0
NTP5_c,0.0
NTP10_c,0.0
NDP3_g,0.0
NDPK2_c,0.4739009416131341
AHSERL_c,0.0
AHSERL2_c,0.010236355734721429
SHSL1_c,0.0
OCBT_c,0.030686746499193444
ORNDC_c,2.0108743217211506e-05
ORNTACi_m,0.0642556791637098
ORNTA_c,0.0
ORPT_c,-0.025270657601069835
OMPDC_c,0.025270657601069835
AKGDb_m,1.4454042162212908
AKGDa_m,1.4454042162212908
PTPAT_c,2.010874321712557e-05
PNTK_c,2.010874321712557e-05
PBAL_c,2.010874321712557e-05
FACOAE100_x,0.0
FACOAE120_x,0.0
FACOAE160_x,0.0
FACOAE140_x,0.0
FACOAE180_x,0.0
FACOAE80_x,0.0
PHETA1_c,-0.029891847879817076
PHETRS_c,0.029891847879817076
PHETRS_m,0.0
PRAIS_c,0.024386878336671268
ACGAMPM_c,0.014410729739182454
PAPSR_c,0.010236355734721429
PPCK_c,0.0
PFK_c,0.0
PFK_3_c,1.7593568206588421
GND_c,1.4500023137265952
PGAMT_c,0.0
PGCD_c,0.1920240194292493
PGK_c,3.928244569508263
PGM_c,3.7362205500790138
PMANM_c,-0.07730022088871492
PMPK_c,2.0108743217211506e-05
PMEVK_c,0.1799290125589651
PPNCL2_c,2.010874321712557e-05
PPCDC_c,2.010874321712557e-05
PPM_c,0.0
PRASCSi_c,0.024366769593454057
PRAMPC_c,0.015343373249596722
PRATPP_c,0.015343373249596722
AIRC1_c,0.024366769593454057
PRAGSi_c,0.024386878336671268
GLUPRT_c,0.024386878336671268
PSERT_c,0.1920240194292493
PSPHPL_r,0.0
PSPHS_r,0.0008124937696914309
POLYAO1_c,0.0
PPBNGS_1_c,8.043497286884603e-05
POLYAO2_c,0.0
POLYAO3_c,2.010874321712557e-05
PPNDH_c,0.029891847879817076
PPND2_c,0.015581862944152852
PROD2_m,0.0
PROTRS_c,0.03354882392129916
PPPGO_m,1.0054371608605753e-05
PNP_c,0.0
PUNP3_c,0.0
PUNP3_m,0.0
PUNP5_c,0.0
PYDXO_c,0.0
PYAM5PO_c,0.0
PDX5POi_c,0.0
PYDXNO_c,0.0
P5CR_c,0.0
PC_c,0.7494711586618006
PYRDC_c,0.0
PYRDC2_c,0.0
PDH_m,2.8326967118050206
PYK_c,3.634817386307853
RBFK_c,2.0108743218116842e-05
RBFK_m,0.0
RBFSa_c,8.043497286884603e-05
RBFSb_c,4.021748643442301e-05
RBK_c,0.0
RNDR1_c,0.0014267153312611577
RNDR1_n,0.0
RNDR3_c,0.0036535575551351587
RNDR3_n,0.0
RNDR2_c,0.0022268422238740024
RNDR2_n,0.0
RPI_c,0.5470739274465741
RNMK_c,0.0
RPE_c,0.902847951307151
SAM24MT_c,0.02062573900532601
SFGTHi_c,0.0
SACCD2_c,0.05223105289468168
SACCD1_c,0.05223105289468168
FBA3_c,1.7593568206588421
SERAT_c,0.0
SERPT_r,0.0016249875393828618
SERTRS_c,0.04237314370730808
SHK3Di_c,0.05070158188558048
SHKK_c,0.05070158188558048
SHCHD2_c,0.0
SHCHF_c,0.0
SPHPL_r,0.0
SBPP2_r,0.0
SBPP1_r,0.0
SPHGLpK_r,0.0
SLCBK1_r,0.0
ACONIs_m,0.0
ACONIs_c,0.0
SQLEx_r,0.0
SQLEy_r,0.02062573900532601
SQLS_c,0.02062573900532601
SUCOAS_m,1.4315706074124424
SSALy_c,2.0108743217211506e-05
SUCR_e,0.0
SADT_c,0.010236355734721429
SO3R_c,0.010236355734721429
TAUDO_c,0.0
FOMETRi_m,0.0
THFGLUS_c,0.0
TMDPK_c,0.0
TMDPPK_c,0.0
TMPPP_c,2.0108743217211506e-05
THIORDXi_n,0.0
TRDR_c,0.017543470844991745
THRA_c,0.0
THRS_c,0.08995324538328099
THRTRS_c,0.04428126235118928
TMDS_c,0.0014267153312611564
ACONMT_c,0.0
PPTT_m,0.0
TALA_c,-1.282592108434085
TRE6PP_c,0.0
TPI_c,1.7376369649350678
TRPS1_c,0.0052077623183933415
TRPTA_c,0.0
TRPTRS_c,0.005167544831959013
TRPTRS_m,0.0
TYRTA_c,0.015581862944152852
TYRTAi_x,0.0
TYRTRS_c,0.015581862944152852
TYRTRS_m,0.0
ERGSTGLCT_c,0.0
UAGDP_c,0.014410729739182454
UDPG4E_c,0.0
UGLT_c,0.0
UMPK_c,0.028388116062034133
UMPK_n,0.0
UPPRT_c,0.0
UREASE_c,0.0
URIK1_c,0.0
URIK2_c,0.0
URIDK2i_c,0.0
URIDK2_n,0.0
UPPDC1_c,2.0108743217211506e-05
UPP3MT_2_c,0.0
UPP3S_c,2.0108743217211506e-05
GALUi_c,0.25429054171391674
VALTA_c,0.06367896040824018
VALTA_m,-0.1219520873773974
VALTRS_c,0.05827312696915722
VALTRS_m,0.0
XPPT_c,0.0
XYLK_c,0.0
YUMPS_c,0.0
MEVt_c_e,0.0
BTDt_c_e,0.0
2MBACt_c_e,0.0
2OXOADPt_c_m,0.05223105289468168
4ABUTtps_e,0.0
5AOPtps_e,0.0
5FTHFt_c_e,0.0
ETACt_c_e,0.0
ADEtps_e,0.0
ADNtps_e,0.0
ADPATPt_c_m,38.43392548867061
ADPATPt_c_x,0.0
AKGCITta_m,0.0
ALLTTt_c,0.0
ALLTNt_c,0.0
NH4t_c_e,1.2986119793336035
AMPATPt_c_x,0.0
ASPGLUt_c_m,2.590912893125716
CRNACRNt_c_m,0.0
CHOLtps_e,0.0
CITMALta_m,1.10916223443608
CITt3_m,0.0
CITt4_m,0.0
COAt_c_m,0.0
CTPt2_m,0.0
CTPCMPt_c_m,0.0
CYTDtps_e,0.0
CSNtps_e,0.0
GALtps_e,0.0
LACDtps_c,0.0
LACtps_m,0.0
LACPYRt_c_m,0.0
ETHAt_c_e,0.0
FADH2t_c_m,-0.025290766344287046
FOLt_c_e,0.0
GDPMANt_c_g,0.0
GLCt_c_e,2.6619851
GTHRDt_c_e,0.0
GTHRDt_c_v,0.0
G3PIt_c_e,0.0
G3PCt_c_e,0.0
GLYCtps_e,0.0
GLYtps_e,0.0
GLYCOGENt_c_v,0.0
GTPGDPtp_m,0.0
GUAtps_e,0.0
INOSTtps_e,0.0
FE2t_c_e,0.0001536307981794959
FE2t_c_m,2.0108743217211506e-05
IAMACt_c_e,0.0
IBUTACt_c_e,0.0
IPDPt_c_m,0.0
ALAtps_e,0.0
ARGtps_e,0.0
ASNtpa_v,0.0
ASNtps_v,0.0
ASPtps_v,0.0
ASPtps_e,0.0
CYStps_e,0.0
CYSItps_v,0.0
GLUt_c_m,0.37491927270018977
GLUtps_v,0.0
GLUtps_e,0.0
GLNtpa_v,0.0
GLNtps_v,0.0
HIStpa_v,0.0
ILEt_c_v,0.0
ILEtpa_v,0.0
ILEtps_v,0.0
LACt_c_m,0.0
LACLtps_c,0.0
LEUt_c_v,0.0
LEUtpa_v,0.0
LEUtps_v,0.0
LYStpa_v,0.0
LYStps_e,0.0
METtps_e,0.0
PHEtps_e,0.0
PROtps_e,0.0
SERtps_e,0.0
TYRt_c_v,0.0
TYRtpa_v,0.0
TYRtps_v,0.0
VALtps_e,0.0
MALt2_m,0.0
MALTtps_e,0.0
NFORTYR2t_c_e,0.0
NADt_c_m,0.0
NADt1_m,0.0
NADt2_m,0.0
NADt3_m,0.0
NACt_c_e,0.0
ORNtpa_m,0.030706855242410652
ORNtps_e,0.0
OAAtps_m,0.0
PNTOtps_e,0.0
PENDPt_c_m,0.0
PHEACt_c_e,0.0
PItps_e,0.1082698974049805
PItps_m,38.43392548867061
PTRCtpa_e,0.0
PTRCtpa_v,0.0
PYRtps_e,0.0
AMETt_c_m,0.0
NAtpa_c,0.0
SPMDtpa_e,0.0
SPMDtpa_v,0.0
SPRMtpa_e,0.0
SPRMtpa_v,0.0
SUCCt2_m,0.0
SUCFUMt_c_m,0.0
SO4t_c_e,0.016514908629431377
SO3t_c_e,0.0
TAURt_c_e,0.0
UDPGALt_c_g,0.0
URAtps_e,0.0
UREAtps_e,0.0
URItps_e,0.0
UTPt_c_m,0.0
UTPUMPtp_m,0.0
H2Ot_c_e,-11.182173206347862
EX_13BDglucan_e,0.0
13BDGLUCANt_c_en,0.20131325335844433
EX_crn_e,0.0
EX_lac__D_e,0.0
EX_mev__R_e,0.0
EX_pnto__R_e,0.0
EX_btd_e,0.0
EX_3mop_e,0.0
EX_lac__L_e,0.0
EX_mal__L_e,0.0
EX_g3pi_e,0.0
MI13456Pt_c_n,0.0
MI1Pt_c_r,0.0
EX_dad_2_e,0.0
EX_dgsn_e,0.0
EX_din_e,0.0
EX_duri_e,0.0
2DDA7Pt_c_m,0.0
2DHPt_c_m,-2.010874321712557e-05
EX_3c3hmp_e,0.0
3C3HMPt_c_e,0.0
3C3HMPt_c_m,0.0
2MBTOHt_c_e,0.0
2MBTOHt_c_m,0.0
EX_2mbald_e,0.0
2MBALDt_c_e,0.0
2MBALDt_c_m,0.0
EX_2mbtoh_e,0.0
EX_2mbac_e,0.0
IBTALDt_c_e,0.0
IBTALDt_c_m,0.0
2OBUTt_c_m,0.001153236423506994
EX_akg_e,0.0
AKGt_c_n,0.0
AKGt_c_e,0.0
EX_2phetoh_e,0.0
2PHETOHt_c_e,0.0
2PHETOHt_c_m,0.0
3C4MOPt_c_m,0.0
3MOPt_c_e,0.0
EX_3mbald_e,0.0
3MBALDt_c_e,0.0
3MBALDt_c_m,0.0
3HXPHBt_c_m,0.0
AHMMPS4_c,2.0108743217211506e-05
EX_4abz_e,0.0
4ABZt_c_e,0.0
4ABZt_c_m,2.0108743217212082e-05
4ABUTNt_c_m,0.0
4ABUTt_c_m,0.0
4H2OGLTt_c_m,0.0
4H2OGLTt_c_x,0.0
4HBZt_c_m,0.0
NTD7pp_c,0.0
NTD6pp_c,0.0
NTD3pp_c,0.0
NTD8_c,0.0
NTD5_c,0.0
NTD1pp_c,0.0
NTD10pp_c,0.0
EX_5aop_e,0.0
5AOPt_c_m,-0.00016086994573769205
FTHFCL_m,0.0
FTHFI_c,0.0
EX_5fthf_e,0.0
EX_dann_e,0.0
DANNt_c_e,0.0
EX_8aonn_e,0.0
EX_xan_e,0.0
EX_acald_e,0.0
ACALDt_c_m,0.0
ACALDt_c_e,0.0
EX_ac_e,0.0
ACt_c_n,0.0
ACCOAt_c_n,0.0
ACRNt_c_x,0.0
EX_ade_e,0.0
ADEt_c_m,0.0
EX_pap_e,0.0
PAPt_c_m,0.0
EX_adn_e,0.0
ADPt_c_n,0.0
ADPt_c_r,0.0
AKGt_c_x,0.0
EX_alltt_e,0.0
EX_alltn_e,0.0
EX_tre_e,0.0
EX_gam6p_e,0.0
EX_nh4_e,-1.2986119793336035
AMPt_c_n,0.0
ARGtps_m,0.0
ASNt_c_m,0.0
ASPGLUt_c_x,0.0
ATPt_c_n,0.0
ATPt_c_r,0.0
EX_hco3_e,0.0
HCO3E_m,0.0
HCO3E_n,0.0
HCO3E_c,1.23316139187299
HCO3E_e,0.0
HCO3t_c_n,0.0
EX_co2_e,7.568674425307228
CRNt_c_x,0.0
CRNCARt_c_x,0.0
CDPt_c_n,0.0
EX_chol_e,0.0
CHOLt_c_en,0.0
CHRPL_c,0.0
CITt_c_e,0.0
EX_cit_e,0.0
CITICTta_x,0.0
CITMALta_x,0.0
CMPN_c,0.0
CO2t_c_r,-0.0016249875393828618
CO2t_c_n,0.0
CO2t_c_x,0.0
CO2t_c_m,-6.519592793610404
CO2t_c_e,7.568674425307228
COAt_c_r,-0.006666249463937787
COAt_c_n,0.0
COAt_c_x,0.0
EX_cytd_e,0.0
CYTK1_c,0.031070823494642096
CYTK2_c,-0.0014267153312611564
EX_csn_e,0.0
EX_arab__D_e,0.0
ARABDt_c,0.0
E4Pt_c_m,0.0
EX_fru_e,0.0
EX_gal_e,0.0
EX_galur_e,0.0
EX_sbt__D_e,0.0
GAM6Pt_c,0.0
EX_glc__D_e,-2.6619851
EX_man_e,0.0
EX_rib__D_e,0.0
SBTDt_c,0.0
EX_xyl__D_e,0.0
XYLt_c_e,0.0
DADPt_c_n,0.0
DCDPt_c_n,0.0
ATPHs_c,0.0
NTPDA2_c,0.0
NDPDA1_c,0.0
NDPDA2_c,0.0
DNADt_c_n,0.0
EX_dca_e,0.0
DADt_c_e,0.0
DADK_c,0.0
EX_dcyt_e,0.0
DCYTt_c_e,0.0
DGSNt_c_e,0.0
DINt_c_e,0.0
DURIK1_c,0.0
DURIt_c_e,0.0
DPCOAK_c,2.010874321712557e-05
DGDPt_c_n,0.0
DHNPTt_c_m,2.0108743217212082e-05
SPRMAT_c,0.0
DHFt_c_m,0.0
DNTPPA_c,2.0108743217212082e-05
DHPTt_c_m,-2.0108743217212082e-05
DHAPt_c_m,0.0
PPIt_c_x,0.0
DOLPt_c_r,-0.023274663749329284
EX_dttp_e,0.0
DTTPt_c,0.0
DUDPt_c_n,0.0
DUMPt_c_n,0.0
EX_epist_e,0.0
ERGTETROLt_c_r,0.0
EX_ergst_e,0.0
ERGSTt_c_r,0.0
ERGSTt_c_l,0.0
ERGSTt_c_en,0.0
EX_etoh_e,0.0
ETOHt_c_e,0.0
ETOHt_c_m,0.0
EX_etha_e,0.0
EX_etac_e,0.0
FRDPt_c_m,2.0108743217211506e-05
DCAt_c_x,0.0
DDCAt_c_x,0.0
TTDCAt_c_x,0.0
OCTAt_c_x,0.0
TTDCAt_c_e,0.0
EX_fecost_e,0.0
FMNAT_m,0.0
EX_fmn_e,0.0
EX_fol_e,0.0
EX_for_e,0.0
FORt_c_m,0.02480353149613198
FORt_c_e,0.0
FUMt_c_e,0.0
FRUK_c,0.0
EX_fum_e,0.0
EX_4abut_e,0.0
GDPt_c_g,0.03843826483456413
GDPt_c_n,0.0
GDPMANNt_c_g,0.03843826483456413
GLCt_c_v,0.0
EX_gthox_e,0.0
EX_gthrd_e,0.0
EX_glyc_e,0.0
GLYC3Pt_c_m,0.0
EX_gly_e,0.0
GLYt_c_m,0.024984510185086795
GCALDt_c_m,-2.0108743217212082e-05
GCALDt_c_e,0.0
EX_gcald_e,0.0
EX_glx_e,0.0
GLXt_c_e,0.0
GLXt_c_x,0.0
EX_gua_e,0.0
GUAt_c_m,0.0
EX_gsn_e,0.0
GSNK_c,0.0
GSNt_c_m,0.0
GSNt_c_e,0.0
Ht_c_e,0.0
Ht_c_r,-4.514412852263741e-05
Ht_c_g,-0.03843826483456413
Ht_c_l,-0.0010418395301583707
Ht_c_n,0.0
Ht_c_x,0.0
Ht_c_v,0.0
HXCCOAt_c_r,0.0008124937696914309
EX_hxdcal_e,0.0
HDCAt_c_e,0.0
HDCEAt_c_e,0.0
HISt_c_m,0.0
H2O2t_c_n,0.0
HMGCOAt_c_m,0.0
EX_hxan_e,0.0
HXANt_c_e,0.0
EX_id3acald_e,0.0
ID3ACALDt_c_m,0.0
ID3ACALDt_c_e,0.0
IND3ACt_c_m,0.0
EX_ins_e,0.0
INSt_c_e,0.0
INOSHPt_c_n,0.0
INSK_c,0.0
EX_fe2_e,-0.0001536307981794959
EX_iamac_e,0.0
IAMOHt_c_e,0.0
IAMOHt_c_m,0.0
EX_iamoh_e,0.0
EX_ibutoh_e,0.0
EX_ibutac_e,0.0
IBUTOHt_c_e,0.0
IBUTOHt_c_m,0.0
EX_ibtald_e,0.0
PHCHGS_m,0.0
AOBUTDs_c,0.0
EX_ala__L_e,0.0
ALAt_c_m,0.0776306075397738
EX_abt__L_e,0.0
ABTt_c_e,0.0
ARABLt_c,0.0
EX_arab__L_e,0.0
EX_arg__L_e,0.0
EX_asn__L_e,0.0
EX_asp__L_e,0.0
CRNt_c_m,0.0
EX_cys__L_e,0.0
E4HGLUt_c_m,0.0
E4HGLUt_c_x,0.0
EX_sbt__L_e,0.0
G5SADr_c,0.0
EX_glu__L_e,0.0
GLUt_c_n,0.0
EX_gln__L_e,0.0
GLNt_c_n,0.0
EX_his__L_e,0.0
HOMt_c_e,0.0
EX_hom__L_e,0.0
EX_ile__L_e,0.0
ILEt_c_m,0.04682521945559871
EX_leu__L_e,0.0
EX_lys__L_e,0.0
MALt_c_e,0.0
EX_met__L_e,0.0
EX_phe__L_e,0.0
EX_pro__L_e,0.0
PROt_c_m,-0.03354882392129916
EX_ser__L_e,0.0
SERt_c_r,0.0016249875393828618
SBTLt_c,0.0
EX_srb__L_e,0.0
SRBt_c_e,0.0
EX_thr__L_e,0.0
EX_trp__L_e,0.0
EX_tyr__L_e,0.0
EX_val__L_e,0.0
EX_lanost_e,0.0
EX_ddca_e,0.0
LYSt_c_m,0.0
MALOAAta_x,0.0
EX_malt_e,0.0
MANNANt_c_r,0.0
METt_c_m,0.0
MGSA_c,0.0
EX_inost_e,0.0
EX_Nfortyr2_e,0.0
NADPt_c_r,-0.023063220314400303
NADPHt_c_r,0.023063220314400303
NH4t_c_m,-0.10404444719273997
NCAMt_c_n,0.0
EX_nac_e,0.0
EX_nmn_e,0.0
NMNt_c_n,0.0
NMNt_c_x,0.0
NMNt_c_e,0.0
NDP4_c,0.0
NTP4_c,0.0
ACRNt_c_m,0.0
O2t_c_r,0.02143823277501744
O2t_c_m,6.499035446039878
O2t_c_e,6.761420313973246
O2t_c_x,0.0
OCDCAt_c_e,0.0
EX_octa_e,0.0
EX_orn_e,0.0
OAAt_c_e,0.0
EX_oaa_e,0.0
GTHOXt_c,0.0
TRDOXt_c_x,0.0
EX_o2_e,-6.761420313973246
EX_hdca_e,0.0
EX_hdcea_e,0.0
PMTCOAt_c_r,0.005041261924554924
PAN4Pt_c_m,0.0
PAPt_c,0.0
EX_pectin_e,0.0
EX_pheac_e,0.0
EX_pacald_e,0.0
PACALDt_c_e,0.0
PACALDt_c_m,0.0
PHEt_c_m,0.0
EX_pi_e,-0.1082698974049805
PIt_c_v,0.0
PPPG9t_c_m,2.0108743217211506e-05
PRPPt_c_m,0.0
EX_ptrc_e,0.0
HYPOE_c,0.0
EX_pydxn_e,0.0
PMDPHT_c,4.021748643442301e-05
PYNP2r_c,0.0
PPIt_c_m,-2.0108743217211506e-05
EX_pyr_e,0.0
PYRtps_m,2.89059420745088
QULNt_c_m,0.0
TRDRDt_c_x,0.0
EX_ribflv_e,0.0
RIBFLVt_c_m,0.0
RIBt_c_e,0.0
AHCYSt_c_m,0.0
EX_amet_e,0.0
EX_mmet_e,0.0
SERt_c_m,0.0
EX_g3pc_e,0.0
EX_na1_e,0.0
SPMDAT_c,0.0
EX_spmd_e,0.0
EX_sprm_e,0.0
SQLt_c_r,0.02062573900532601
SSQ23EPXt_c_r,0.02062573900532601
EX_ocdca_e,0.0
EX_succ_e,0.0
SUCCt_c_e,0.0
EX_sucr_e,0.0
EX_so4_e,-0.016514908629431377
EX_so3_e,0.0
EX_taur_e,0.0
TTCCOAt_c_r,0.0008124937696914309
THMP_c,0.0
TMN_c,0.0
EX_thmpp_e,0.0
EX_thm_e,0.0
EX_thmmp_e,0.0
TMPK_c,2.0108743217211506e-05
THZPSN2_c,0.0
THZPSN1_c,2.0108743217211506e-05
THRt_c_m,0.04567198303209171
EX_thymd_e,0.0
TMDK1_c,0.0
THYMDt_c_e,0.0
TREtps_e,0.0
TREt_c_v,0.0
TRPt_c_m,0.0
EX_ind3eth_e,0.0
IND3ETHt_c_e,0.0
IND3ETHt_c_m,0.0
TYRt_c_m,0.0
TYRt_c_x,0.0
UMPt_c_n,0.0
EX_ura_e,0.0
EX_urea_e,0.0
EX_uri_e,0.0
VALt_c_m,-0.1219520873773974
H2Ot_c_r,-0.02143823277501744
H2Ot_c_g,0.0
H2Ot_c_m,-45.89221879065546
H2Ot_c_n,0.0
H2Ot_c_x,0.0
H2Ot_c_v,0.0
XANt_c_e,0.0
EX_xtsn_e,0.0
XTSNt_c_e,0.0
EX_xylt_e,0.0
XYLTt_c_e,0.0
EX_zymst_e,0.0
ZYMSTt_c_en,0.0
KYNAT2_c,0.0
QUILSYN_c,4.021748643432928e-05
ALCD2i2_c,0.0
ALDD2x_c,0.0
COAt_c_l,-0.04686227144905211
SBP_c,0.0
Ht_c_m,0.0
ICDHyi_m,0.20824956324379104
AKGMALta_m,3.141148433778275
EAR40y_m,0.0
EAR60y_m,0.0
EAR80y_m,0.0
3OACE200_rm,0.004782631841652383
3OACE220_rm,0.004782631841652383
3OACE240_rm,0.003912212323530872
3OACE260_rm,0.0008124937696914309
3OACR200_rm,0.004782631841652383
3OACR220_rm,0.004782631841652383
3OACR240_rm,0.003912212323530872
3OACR260_rm,0.0008124937696914309
3HACD200_rm,0.004782631841652383
3HACD220_rm,0.004782631841652383
3HACD240_rm,0.003912212323530872
3HACD260_rm,0.0008124937696914309
ECOAR200_rm,0.004782631841652383
ECOAR220_rm,0.004782631841652383
ECOAR240_rm,0.003912212323530872
ECOAR260_rm,0.0008124937696914309
ACOADS160_rm,0.0
ACOADS180_rm,0.030335670233706504
OCTAt_c_e,0.0
DCAt_c_e,0.0
DDCAt_c_e,0.0
EX_but_e,0.0
EX_hxa_e,0.0
EX_ocdcea_e,0.0
BUTt_c_e,0.0
HXAt_c_e,0.0
OCDCEAt_c_e,0.0
EX_ttdca_e,0.0
FACOAL120_rm,0.0
FACOAL140_rm,0.0
FACOAL160_rm,8.0367823830557e-05
FACOAL161_rm,0.0
FACOAL180_rm,5.3579946608312585e-05
FACOAL181_rm,9.836011965365798e-05
FACOAL120_l,0.0
FACOAL140_l,0.0
FACOAL160_l,0.0
FACOAL161_l,0.0
FACOAL180_l,0.0
FACOAL181_l,0.0
FACOAL161_x,0.0
FACOAL180_x,0.0
FACOAL181_x,0.0
FACOAL200_en,0.0
FACOAL220_en,0.0
FACOAL240_en,0.0
FACOAL260_en,0.0
FACOAL220_rm,0.0
FACOAL240_rm,0.0
FACOAL260_rm,0.0
FACOAL220_l,1.1289906471412732e-05
FACOAL240_l,0.0
FACOAL260_l,0.0
FACOA120tabc_x,0.0
FACOA140tabc_x,0.0
FACOA160tabc_x,0.0
FACOA161tabc_x,0.0
FACOA180tabc_x,0.0
FACOA181tabc_x,0.0
FACOA200tabc_x,0.0
FACOA220tabc_x,0.0
FACOA240tabc_x,0.0
FACOA260tabc_x,0.0
BUTt_c_x,0.0
HXAt_c_x,0.0
FACOAE40_x,0.0
FACOAE60_x,0.0
FACOAE161_x,0.0
FACOAE181_x,0.0
ACOAO40_x,0.0
ACOAO60_x,0.0
ACOAO80_x,0.0
ACOAO200_x,0.0
ACOAO220_x,0.0
ACOAO240_x,0.0
ACOAO161b_x,0.0
ACOAO141b_x,0.0
ACOAO121a_x,0.0
ACOAO181a_x,0.0
ACOAO161a_x,0.0
ACOAO141a_x,0.0
ECOAH100_x,0.0
ECOAH120_x,0.0
ECOAH140_x,0.0
ECOAH160_x,0.0
ECOAH180_x,0.0
ECOAH260_x,0.0
ECOAH40_x,0.0
ECOAH60_x,0.0
ECOAH80_x,0.0
ECOAH200_x,0.0
ECOAH220_x,0.0
ECOAH240_x,0.0
ECOAH161b_x,0.0
ECOAH141b_x,0.0
ECOAH121a_x,0.0
ECOAH181a_x,0.0
ECOAH161c_x,0.0
ECOAH141c_x,0.0
HACD100i_x,0.0
HACD120i_x,0.0
HACD160i_x,0.0
HACD180i_x,0.0
HACD260i_x,0.0
HACD40i_x,0.0
HACD60i_x,0.0
HACD80i_x,0.0
HACD200i_x,0.0
HACD220i_x,0.0
HACD240i_x,0.0
HACD161bi_x,0.0
HACD141bi_x,0.0
HACD121ai_x,0.0
HACD181ai_x,0.0
HACD161ai_x,0.0
HACD141ai_x,0.0
ACACT40i_x,0.0
ACACT60i_x,0.0
ACACT80i_x,0.0
ACACT200i_x,0.0
ACACT220i_x,0.0
ACACT240i_x,0.0
ACACT161bi_x,0.0
ACACT141bi_x,0.0
ACACT121ai_x,0.0
ACACT181ai_x,0.0
ACACT161ai_x,0.0
ACACT141ai_x,0.0
ECOAI101a_x,0.0
ECOAI122c_x,0.0
ECOAI121b_x,0.0
ECOAI121a_x,0.0
ECOAI142c_x,0.0
ECOAI141a_x,0.0
ECOAR122_x,0.0
ECOAR142_x,0.0
STEHz161_en,0.0
STEHz181_en,0.0
DDCAt_c_rm,0.0
TTDCAt_c_rm,0.0
HDCAt_c_rm,8.0367823830557e-05
HDCEAt_c_rm,0.0
OCDCAt_c_rm,5.3579946608312585e-05
OCDCEAt_c_rm,9.836011965365798e-05
MALCOAt_c_rm,0.014289969776527023
DDCACOAt_c_rm,0.0
TDCOAt_c_rm,0.0
PMTCOAt_c_rm,-8.0367823830557e-05
HDCOAt_c_rm,0.0
STCOAt_c_rm,0.03506472212875057
ODECOAt_c_rm,-0.009740138208347075
ICOSCOAt_c_rm,0.0
DOCOSCOAt_c_rm,-0.0008704195181215106
TTCCOAt_c_rm,-0.0030997185538394413
HXCCOAt_c_rm,-0.0008124937696914309
Ht_c_rm,0.04600160158249476
H2Ot_c_rm,-0.1245378718762341
CO2t_c_rm,-0.014289969776527071
COAt_c_rm,-0.014057661886434543
NADPHt_c_rm,0.02857993955305414
NADPt_c_rm,-0.02857993955305414
O2t_c_rm,0.055123951049853515
NADHt_c_rm,0.055123951049853515
NADt_c_rm,-0.055123951049853515
GLYC3Pt_c_rm,0.0
DHAPt_c_rm,0.0
PPIt_c_rm,-0.0312830226415175
PIt_c_rm,0.0
CTPt_c_rm,0.03986065401399627
CDPt_c_rm,-0.008809939262571297
CMPt_c_rm,-0.031050714751424974
CDPEAt_c_rm,0.0
CDPCHOLt_c_rm,0.0
ATPt_c_rm,0.00023230789009252755
AMPt_c_rm,-0.00023230789009252755
SERt_c_rm,0.021598398914742533
INOSTt_c_rm,0.009452315836682441
AMETt_c_rm,0.024833895698391867
AHCYSt_c_rm,-0.024833895698391867
EPISTt_c_rm,0.0
FECOSTt_c_rm,0.0
LANOSTt_c_rm,0.0
ERGSTt_c_rm,0.0
ZYMSTt_c_rm,0.0
G3PCt_c_rm,0.0
HDCAt_c_l,0.0
HDCEAt_c_l,0.0
OCDCAt_c_l,0.0
OCDCEAt_c_l,0.0
DDCACOAt_c_l,0.0
TDCOAt_c_l,0.0
PMTCOAt_c_l,0.007965950748055532
HDCOAt_c_l,0.0
STCOAt_c_l,0.005304646045366897
ODECOAt_c_l,0.009740138208347075
GLYC3Pt_c_l,0.022240775488853677
DHAPt_c_l,0.0
NADPHt_c_l,0.0
NADPt_c_l,0.0
ATPt_c_l,0.00016223119590380472
AMPt_c_l,-0.00016223119590380472
PPIt_c_l,-0.04692410811036831
H2Ot_c_l,0.0010418395301583707
GLYCt_c_l,0.0005209197650791853
DOCOSCOAt_c_l,-0.0008704195181215106
TTCCOAt_c_l,-0.002287224784148011
HXCCOAt_c_l,0.0
ATPt_c_en,0.0
ADPt_c_en,0.0
Ht_c_en,0.0
H2Ot_c_en,0.0
PIt_c_en,0.0
G3PCt_c_en,0.0
G3PIt_c_en,0.0
HDCAt_c_en,0.0
HDCEAt_c_en,0.0
OCDCAt_c_en,0.0
OCDCEAt_c_en,0.0
ICOSCOAt_c_en,0.0
DOCOSCOAt_c_en,0.0
TTCCOAt_c_en,0.0
HXCCOAt_c_en,0.0
H2Ot_c_vm,0.0
PIt_c_vm,0.0
Ht_c_vm,0.0
ATPt_c_vm,0.0
ADPt_c_vm,0.0
CO2t_c_vm,0.0
H2Ot_c_gm,0.0
PIt_c_gm,0.0
Ht_c_gm,0.0
CO2t_c_gm,0.0
ATPt_c_gm,0.0
ADPt_c_gm,0.0
H2Ot_c_mm,0.0
CO2t_c_mm,-0.020526200726400816
HDCOAt_c_mm,0.0
ODECOAt_c_mm,0.0
HDCAt_c_mm,0.0
OCDCAt_c_mm,0.0
COAt_c_mm,0.0
DDCAt_l_rm,0.0
TTDCAt_l_rm,0.0
HXCAt_l_rm,0.0
EPISTt_l_rm,0.0
FECOSTt_l_rm,0.0
LANOSTt_l_rm,0.0
ZYMSTt_l_rm,0.0
ZYM161t_l_rm,0.0
ZYM181t_l_rm,0.0
HXCAt_en_rm,0.0
ZYM161t_en_rm,0.0
ZYM181t_en_rm,0.0
HXCAt_r_rm,0.0
PIt_r_rm,0.0
Ht_m_mm,0.04105240145280163
GLYC3Pt_m_mm,0.0
CMPt_m_mm,0.0
CTPt_m_mm,0.0
PIt_m_mm,0.0
PPIt_m_mm,0.0
GTHRDtabc_v,0.0
GLYCDy_c,0.0005209197650791853
uniDOLDP_l,0.0003463842734404778
CRNOAT_m,0.0
EX_h_e,0.42479901025042466
EX_k_e,-0.12138642843069726
EX_h2o_e,11.182173206347862
EX_14dmlanost_e,0.0
14DMLANOSTt_c_e,0.0
EX_ergtetrol_e,0.0
ERGTETROLt_c_e,0.0
HSDx_c,0.10020970986121963
ME2_m,0.0
RAFH_e,0.0
URIH_c,0.0
HEMEAt_c_m,2.0108743217211506e-05
EX_raffin_e,0.0
EX_melib_e,0.0
PYDX5PS_c,2.0108743217211506e-05
4AMPMS_c,0.0
AROHL_c,0.0
4HPPCL_c,0.0
EX_fe3_e,0.0
4HPEOR_c,0.0
GUAPRT_c,0.0
AICART_c,0.03971014284305078
HCITS_m,0.05223105289468168
MTHFD_c,0.06409702117972205
IMPD_c,0.014714371761762343
TKT2_c,0.42606313033917664
TKT1_c,0.47676471222475714
ATPASEV_v,0.0
FRUtps_e,0.0
PSP_L_c,0.1920240194292493
MANtps_e,0.0
IMPC_c,0.03971014284305078
SUCDq9_m,1.445243346275553
GLYOX_m,0.0
LANOSTt_c_e,0.0
SERD_L_c,0.0
EPISTt_c_e,0.0
PGL_c,1.4500023137265952
ERGSTt_c_e,0.0
IPPS_c,0.06367896040824018
ALDD22x_c,2.010874321712557e-05
AOXS_c,0.0
HCITS_n,0.0
GNK_c,0.0
CRNAT120_m,0.0
MPYRCNST_c,0.0
MANNANH_e,0.0
GLUTCOADH_m,0.0
3OAS140_c,0.053296213022897374
URO_c,0.0
3HAD120_c,0.053296213022897374
ASPTA4_c,0.0
TRPDC_c,0.0
3OAR80_c,0.05329621302289736
3OAS100_c,0.053296213022897374
3HAD80_c,0.05329621302289736
Kt_c_m,0.0
3HAD180_c,0.04036936817411747
QUINDH_c,0.0
3OAS120_c,0.053296213022897374
3HBHYOX_c,0.0
3OADPCOAT_m,0.0
MI134PPH_c,0.0
BZHYOX_c,0.0
AVNORy_c,0.0
HQLOR_c,0.0
OCOAT1_m,0.0
3HAD60_c,0.05329621302289736
PGCPH_c,0.0
ARAI2_c,0.0
3OAS160_c,0.053296213022897374
MACACI_c,0.0
SPHINGSt_c_e,0.0
3INDACNLAH_c,0.0
DAG3Pabct_c_m,0.0
FUMACACH_c,0.0
3OAS80_c,0.05329621302289736
EAR100y_c,0.053296213022897374
3HAD40_c,0.05329621302289736
XAND_c,0.0
MERLACOR_c,0.0
3OAS60_c,0.05329621302289736
3OAS40_c,0.05329621302289736
PCLAD_c,0.0
HXAND_c,0.0
NITRy_c,0.0
LCYSTAT_c,0.0
3HAD100_c,0.053296213022897374
3OAS180_c,0.04036936817411747
3HAD140_c,0.053296213022897374
3OAR60_c,0.05329621302289736
HIBH_m,0.0
3OAR140_c,0.053296213022897374
PEtabc_m,0.0
3OAR100_c,0.053296213022897374
PTRCAT1_c,0.0
NITRx_c,0.0
ETFOXRq9_m,0.025290766344287046
NOX_c,0.0
3OAR120_c,0.053296213022897374
EAR180y_c,0.04036936817411747
DHPM2_c,0.0
HGENDO_c,0.0
QUINt_c_e,0.0
ACKr_c,0.0
PGt_c_m,0.0
3OAR160_c,0.053296213022897374
3OAR40_c,0.05329621302289736
OPAH_c,0.0
DOLDPP_c,0.0031174584609643
HACDm40_c,0.0
3HAD160_c,0.053296213022897374
OAR1_c,0.0
SPHGAT181_c,0.0
UREA_c,0.0
CAROL3_c,0.0
GLUR_c,0.0
PHYTOES_c,0.0
CSNPURt_c_e,0.0
GLCDx_c,0.0
OAR2_c,0.0
GLCtps_e,0.0
CITCOAL_c,0.0
CAROL2_c,0.0
ACt_c_m,0.013672738863110703
HEX7b_c,0.0
HIBTD_c,0.0
CAROL1_c,0.0
ACHAH_c,0.0
CLt_c_e,0.0
GLCNtps_e,0.0
FER_c,0.0
EAR80y_c,0.053296213022897374
DPGT_c,0.0
ACOATA_c,0.05329621302289736
3MOPR_m,0.0
ECOAH40_m,0.0
OAR3_m,0.0
ECOAH140_m,0.0
3MOBR_m,0.0
EAR140y_c,0.053296213022897374
ECOAH80_m,0.0
EAR160y_c,0.053296213022897374
ECOAH160_m,0.0
MANNANH_c,0.0
PKETF_c,0.0
EAR120y_c,0.053296213022897374
ECOAH100_m,0.0
4MOPR_m,0.0
ECOAH120_m,0.0
ECOAH60_m,0.0
NO3t_c_e,0.0
CBMHL_c,0.0
3OAR180_c,0.04036936817411747
ACITL_c,1.10916223443608
ACEST1_m,0.0
GLYCK_c,0.0
AGMT_e,0.0
MASCBRx_c,0.0
AHGDf_m,0.0
RHMND2_c,0.0
SALCMOX_x,0.0
BETALDHx_x,0.0
INOSHP3H_v,0.0
CHITOSNSE_c,0.0
DGLCND3H_c,0.0
DGLCND5H_c,0.0
ACCOAt_c_r,0.0
GMAND_c,0.0
AFLTXNB1S_c,0.0
AFLTXNB2S_c,0.0
CPLSPNEST_e,0.0
NGLYCANS1_c,0.0031174584609642998
NGLYCANS2_c,0.0031174584609642998
NGLYCANS3_c,0.0031174584609642998
NGLYCANS4_c,0.0031174584609642998
NGLYCANS5_c,0.0031174584609642998
NGLYCANS6_c,0.0031174584609642998
NGLYCANS7_c,0.0031174584609642998
NGLYCANS8_r,0.0
NGLYCANS9_r,0.0
NGLYCANS10_r,0.0
NGLYCANS11_r,0.0
NGLYCANS12_r,0.0
NGLYCANS13_r,0.0
NGLYCANS14_r,0.0
NGLYCANS15_r,0.0
NGLYCANS16_r,0.0
NGLYCANS17_r,0.0
NGLYCANS18_r,0.0
NGLYCANS19_g,0.0
OGLYCANS1_r,0.009609566208641033
OGLYCANS_B3GAT1_r,0.0
TROPNDH_c,0.0
PADAH_c,0.0
PACt_c_x,0.0
PACCOAL_x,0.0
PACCOAE_c,0.0
CHOLD_c,0.0
LYSN6MOX_c,0.0
ORNN5MOX_c,0.0
CMBOLHcis_c,0.0
CMBOLHtrans_c,0.0
PYDXNOR_c,0.0
RDH_c,0.0
UDPGD_c,0.0
TDPDRR_c,0.0
NITROPP_c,0.0
PGLYCP_c,0.0
4CMCOAL_x,0.0
XYLI1_c,0.0
XYLI2_c,0.0
3DHSKD_c,0.0
CMPA_c,0.0
FRMDH_c,0.0
DAOorn_x,0.0
DAOpro_x,0.0
DAOarg_x,0.0
DAOala_x,0.0
DAOgly_x,0.0
DAO4hpro_x,0.0
CEPHSCOX_x,0.0
RADHx_m,0.0
SSALx_c,0.0
ETNO2OX_c,0.0
PAFH_c,0.0
SDPDS_c,0.0
PHACRDC1_c,0.0
PHACRDC2_c,0.0
PHACRDC3_c,0.0
PHACRDC4_c,0.0
CHTNH_e,0.0
CHTNH_v,0.0
MUCOCI_c,0.0
MUCOCI_e,0.0
CMUCOC_c,0.0
3HBRDH_c,0.0
PHEN2MOXy_c,0.0
3HPPPNH_c,0.0
3HCINNMH_c,0.0
MCCC_m,0.0
ARAK_c,0.0
DNTP_c,0.0
CATOX_e,0.0
ASCBOX_c,0.0
VANLLOX_x,0.0
2DOXG6PP_c,0.0
F1PP_c,0.0
PGS_x,0.0
CELLBH_e,0.0
CFCOAMT_c,0.0
ARSO4H_c,0.0
ACGAM6S1_r,0.0
ACGAM6S2_r,0.0
CHLSTI2_c,0.0
TYRCBOX_x,0.0
MDLDH_x,0.0
ACRNAH_x,0.0
ACOAD40f_m,0.0
ACOAD60f_m,0.0
ACOADm30f_m,0.0
ACOADm40f_m,0.0
ACOAD80f_m,0.0
ACOADm50f_m,0.0
INO3GALT_c,0.0
XYLRy_c,0.0
ARABRy_c,0.0
XYLURy_c,0.0
XYLURx_c,0.0
RBK_D_c,0.0
GTPDPDP_c,0.0
PPGPPDP_c,0.0
2OGMAH_c,0.0
2OSUCAH_c,0.0
ORNCD_m,0.03354882392129916
GBBOX_c,0.0
HACD40y_c,0.0
UDPGLDC_c,0.0
FRMDAH_c,0.0
MGCH_m,0.0
ADPRDP_m,0.0
G6PE_c,0.0
SULFOX2_c,0.0
MANNAN14H_c,0.0
AEPI1_c,0.0
AEPI2_c,0.0
GALOX_e,0.0
ACPCS_c,0.0
CATDOX_c,0.0
TMLYSOX_m,0.0
BZHYOX_r,0.0
ARAB14LO_x,0.0
3OAR80_m,0.0
3OAR60_m,0.0
3OAR40_m,0.0
ACHAH_e,0.0
BTS1_m,0.0
FACOAE120_c,0.0
FACOAE160_c,0.0
FACOAE140_c,0.0
FACOAE180_c,0.0
FACOAE161_c,0.0
FACOAE181_c,0.0
FACOAL200_x,0.0
FACOAL220_x,0.0
FACOAL240_x,0.0
FACOAL260_x,0.0
FUMACACH_m,0.0
TYRTA_m,0.0
PHETA1_m,0.0
EGHLAT_m,0.0
ALDD20y_c,0.0
STEHz161_rm,0.0
STEHz181_rm,0.0
GLUDC_m,0.0
MCOATA_m,0.0
ACONTa_m,1.6849761633373699
ACONTb_m,1.6849761633373699
MALT_c,0.0
CERS2A24_r,0.00040624688484571544
ALATA_L_m,-0.0776306075397738
GPIA1_c,0.0034162743851720626
GPIA2_c,0.0034162743851720626
GPIA3_c_r,0.0034162743851720626
GPIA4_r,0.0034162743851720626
GPIA5_r,0.0034162743851720626
GPIA6_r,0.0034162743851720626
GPIA7_r,0.0034162743851720626
GPIA8a_r,0.0034162743851720626
GPIA9a_r,0.0034162743851720626
GPIA10a_r,0.0034162743851720626
GPIA8b_r,0.0
PCOATA140_c,0.0
PCOATA160_c,0.0129268448487799
PCOATA180_c,0.04036936817411747
ACCOAC_c,0.4277328291109261
EAR40y_c,0.05329621302289736
EAR60y_c,0.05329621302289736
MCOATA_c,0.41344285933439906
3HAD40_m,0.0
3HAD60_m,0.0
3HAD80_m,0.0
EX_arach_e,0.0
ARACHt_c_e,0.0
FACOAL200_rm,0.0
FACOAL200_l,0.0
ACACT180i_m,0.0
ACACT260i_m,0.0
ACACT160i_m,0.0
ACACT140i_m,0.0
ACACT100i_m,0.0
ACACT120i_m,0.0
ACACT40i_m,0.0
ACACT60i_m,0.0
ACACT80i_m,0.0
ACACT200i_m,0.0
ACACT220i_m,0.0
ACACT240i_m,0.0
ACACT161bi_m,0.0
ACACT141bi_m,0.0
ACACT121ai_m,0.0
ACACT181ai_m,0.0
ACACT161ai_m,0.0
ACACT141ai_m,0.0
ECOAH180_m,0.0
ECOAH161b_m,0.0
ECOAH141b_m,0.0
ECOAH121a_m,0.0
ECOAH181a_m,0.0
ECOAH161c_m,0.0
ECOAH141c_m,0.0
HACD40i_m,0.0
HACD60i_m,0.0
HACD80i_m,0.0
HACD100i_m,0.0
HACD120i_m,0.0
HACD140i_m,0.0
HACD160i_m,0.0
HACD180i_m,0.0
HACD121ai_m,0.0
HACD141ai_m,0.0
HACD141bi_m,0.0
HACD161ai_m,0.0
HACD161bi_m,0.0
HACD181ai_m,0.0
NADHcplxI_c_m,11.527396018257395
PGMT_c,0.25429054171391674
ATPS_m,12.347269009641916
FECRq9_m,12.997930130877236
FECOOR_m,6.498965065438618
ACEST1_x,0.0
MDH_c,-4.1702412722972015
ASPTAi_m,2.590912893125716
PHYTOED1_c,0.0
PHYTOED2_c,0.0
PHYTOED3_c,0.0
PHYTOED4_c,0.0
PHYTOED5_c,0.0
CAROMOX1_c,0.0
CAROMOX2_c,0.0
ZEAEPOX1_c,0.0
ZEAEPOX2_c,0.0
C3STKR1_c,0.02062573900532601
C3STKR2_c,0.02062573900532601
CERS124_c,0.00040624688484571544
CERS126_c,0.00040624688484571544
CERS2A26_r,0.00040624688484571544
PRAIi_c,0.0052077623183933415
PRPPS_c,0.07028910647859982
FCLT_m,2.0108743217211506e-05
MTHFC_c,0.06409702117972205
FTHFL_c,0.0
MALS_c,0.0
NFTYROX_c,0.0
PYDAMK_c,0.0
PYDXK_c,0.0
PYDXNK_c,0.0
THIORDXi_m,0.0
TRDR_m,0.0
ARGtpa_v,0.0
TCHOLAtabc_v,0.0
ACt_c_e,0.0
NNATi_c,4.021748643432928e-05
G3PT_c,0.0
ANNAT_n,0.0
ANNAT_c,0.0
DKMPPH_c,4.0217486434337076e-05
DKMEOX_c,4.0217486434337076e-05
DOLDPt_c_l,0.0031174584609643
G00006t_c_r,0.0
G00011t_g_r,0.0
G13027t_g_r,-0.009609566208641033
OGLYCANS2_g,0.009609566208641033
OGLYCANS3_g,0.009609566208641033
OGLYCANS4_g,0.009609566208641033
OGLYCANS5_g,0.009609566208641033
EX_nad_e,0.0
EX_nadp_e,0.0
EX_pydx5p_e,0.0
EX_q9h2_e,0.0
EX_ca2_e,-0.00025859843777333995
EX_cl_e,0.0
EX_cobalt2_e,0.0
EX_cu2_e,-2.2923967267621116e-05
EX_mg2_e,-0.012790568298171722
EX_mn2_e,-1.8902218624178815e-05
EX_mobd_e,0.0
EX_ni2_e,0.0
EX_zn2_e,-0.0003169137931032533
NADt_c_e,0.0
NADPt_c_e,0.0
PYDX5Pt_c_e,0.0
Q9H2t_c_e,0.0
Q9H2t_c_m,0.0
CA2t_c_e,0.00025859843777333995
COBALT2t_c_e,0.0
CU2t_c_e,2.2923967267621116e-05
Kt_c_e,0.12138642843069726
MG2t_c_e,0.012790568298171722
MN2t_c_e,1.8902218624178815e-05
MOBDt_c_e,0.0
NI2t_c_e,0.0
ZN2t_c_e,0.0003169137931032533
DHAPAT_rm,0.0
DHAPAT_l,0.0
G3PAT_rm,0.0
G3PAT_l,0.022240775488853677
AGNPR_rm,0.0
AGNPR_l,0.0
AGPAT_rm,0.0
AGPAT_l,0.022240775488853677
ETHAPT_rm,0.0
CHOLPT_rm,0.0
CDPDAGS_rm,0.031050714751424974
CDPDAGS_mm,0.0
PSSA_rm,0.021598398914742533
PAILS_rm,0.009452315836682441
PGPS_mm,0.0
PGPP_mm,0.0
CLPNS_mm,0.0
CLAH1_mm,0.0
CLAH3_mm,0.0
1MLCLAT_mm,0.0
3MLCLAT_mm,0.0
PAP_rm,0.0
PAP_vm,0.0
DGAT_rm,0.0
DGAT_l,0.0025429516672485666
TAGL_l,0.0
TAGL_m,0.0
DAGL_l,0.0005209197650791853
DAGL_m,0.0
MAGL_l,0.0005209197650791853
DAGK_rm,0.008809939262571297
DGPP_vm,0.0
LPAP_vm,0.0
PDAGATpe_rm,0.0
PDAGATpc_rm,0.0
PSD_mm,0.020526200726400816
PSD_gm,0.0
PSD_vm,0.0
PEMT_rm,0.008277965232797288
PMEMT_rm,0.008277965232797288
PDMEMT_rm,0.008277965232797288
LPCAT_mm,0.0
PLAA2pc_rm,0.0
PLAA2pc_en,0.0
PLAA2pe_en,0.0
PLAA2pc_mm,0.0
PLAA2pe_mm,0.0
PLAA1lpc_rm,0.0
PLAA1lpc_en,0.0
PLAA1lpe_en,0.0
PLAA1lpc_mm,0.0
PLAA1lpe_mm,0.0
PLACipc_r,0.0
PLACmipc_r,0.0
PLACmip2c_m,0.0
PLACipc_m,0.0
PLACmipc_m,0.0
PLACpail_c,0.0
PLACpail45p_c,0.0
PLACpail45p_n,0.0
PLACpg_mm,0.0
PLADpc_en,0.0
PI3PP_en,0.0
PI3PP_c,0.0
PI3PP_rm,0.0
PI3PP_gm,0.0
PI4PP_en,0.0
PI4PP_c,0.0
PI4PP_rm,0.0
PI4PP_gm,0.0
LPIAT_rm,0.0
PAIL4K_en,0.0
PAIL4K_vm,0.0
PAIL4K_gm,0.0
PAIL4K_n,0.0
PAIL3K_vm,0.0
PI4P5K_n,0.0
PI4P5K_en,0.0
PI45P5P_c,0.0
PI45P5P_en,0.0
PI3P5K_vm,0.0
PI35P5P_en,0.0
PI35P5P_c,0.0
PI35P5P_vm,0.0
IPCS_g,0.0016249875393828618
MIPCS_g,0.0
IPT_g,0.0
STATg_rm,0.0
compCER_m,0.0
compCER_r,0.0016249875393828618
compCER_g,0.0
compACYLCOA_c,0.0
compACYLCOA_l,0.04702450264495592
compACYLCOA_m,0.0
compACYLCOA_r,0.0
compACYLCOA_rm,0.0
compACYLCOA_x,0.0
compFALPD_mm,0.0
compFALPD_m,0.0
compFALPD_rm,0.0
compFALPD_en,0.0
PAt_gm_rm,0.0
PAt_l_rm,0.022240775488853677
PAt_mm_rm,0.0
PAt_rm_vm,0.0
PAt_en_rm,0.0
DAGt_c_l,0.003063871432327752
DAGt_c_mm,0.0
DAGt_c_n,0.0
DAGt_c_rm,0.0071849517231884355
DAGt_gm_rm,0.0016249875393828618
TAGt_c_rm,-0.0025429516672485666
TAGt_l_rm,0.0025429516672485666
1AGPEt_l_rm,0.0
1AGPCt_l_rm,0.0
PSt_c_m,0.0
PSt_c_rm,-0.0010721981883417176
PSt_en_rm,0.0
PSt_mm_rm,-0.020526200726400816
PSt_gm_rm,0.0
PSt_rm_vm,0.0
PAILt_c_rm,-0.007827328297299579
PAILt_en_rm,0.0
PAILt_rm_vm,0.0
PAILt_gm_rm,-0.0016249875393828618
PAILt_n_rm,0.0
CERt_g_r,0.0016249875393828618
PCt_l_rm,0.0
PCt_en_rm,0.0
PCt_mm_rm,0.0
PCt_c_rm,-0.008277965232797288
PEt_l_rm,0.0
PEt_gm_rm,0.0
PEt_c_rm,-0.012248235493603528
PEt_en_rm,0.0
PEt_mm_rm,0.020526200726400816
PEt_rm_vm,0.0
PAIL4Pt_c_en,0.0
PAIL4Pt_en_rm,0.0
PAIL45Pt_c_n,0.0
PAIL45Pt_c_en,0.0
PAIL45Pt_en_rm,0.0
PAIL3Pt_gm_vm,0.0
PAIL3Pt_rm_vm,0.0
PAIL35Pt_c_vm,0.0
PAIL35Pt_en_vm,0.0
IPCt_g_r,0.0
MIPCt_g_r,0.0
MIP2Ct_g_r,0.0
ERGSTESTt_l_rm,0.0
ERGSTESTt_c_rm,0.0
FRDPt_c_l,-0.0031174584609643
IPDPt_c_l,-0.0467618769144645
PEt_c_r,0.010248823155516187
DAGt_c_r,-0.010248823155516187
MANt_c_g,0.0
GLCt_c_r,0.0
DOLGLCPt_c_r,0.0
DOLDPt_c_r,0.0
4CMCOAL_c,0.0
4HBZF_c,0.0
SPRMS_c,2.010874321712557e-05
SPMS_c,2.0108743217211506e-05
EX_btn_c,-2.0108743217211506e-05
ACOADS181_rm,0.020693892145013087
LINOCOAt_c_rm,-0.01659950347387916
LINOCOAt_c_l,0.01659950347387916
LINOEAt_c_l,0.00012541923483643845
FACOAL182_l,0.00012541923483643845
FACOAL182_rm,0.0
FACOAL182_x,0.0
FACOAE182_c,0.0
FACOAE182_x,0.0
ACOADS182_rm,0.0040943886711339245
LINOLNCOAt_c_rm,-0.0040943886711339245
LINOLNCOAt_c_l,0.0040943886711339245
LINOLENt_c_l,2.5522054595953552e-05
FACOAL183_l,2.5522054595953552e-05
FACOAL183_rm,0.0
FACOAL183_x,0.0
FACOAE183_c,0.0
FACOAE183_x,0.0
FE3t_c_e,0.0
4HPPR_c,0.0
4HPLH_c,0.0
4HBZCOAS_c,0.0
4HBZNPT_m,0.0
3NPDHBZH_m,0.0
3NPDHMT_m,0.0
3NP4H5MOBCL_m,0.0
Q9MO_m,0.0
Q9MT1_m,0.0
Q9OR_m,0.0
Q9MT2_m,0.0
PREN9DPt_c_l,0.0
PREN9DPt_c_m,0.0
BIOMASS_RT_CLIM,0.20108743217211505
DM_5mta_c,0.0
AMETt_c_e,0.0
FOLR_c,0.0
FOLR_m,0.0
DHAD1_c,0.0
DHAD2_c,0.0
DBTS_c,0.0
ATPM_c,1.189
ABTLD_c,0.0
ABTDD_c,0.0
XYLTOR_c,0.0
ABTDt_c_e,0.0
EX_abt__D_e,0.0
EX_tag_c,0.0
EX_caro_c,0.0
EX_cellb_e,0.0
THMtps_e,0.0
PLACmip2c_r,0.0
THRtps_e,0.0
ASNN_e,0.0
GLUN_e,0.0
FALPDt_c_l,-0.0010418395301583707
FALPDt_c_m,0.0
FALPDt_c_en,0.0
FALPDt_c_rm,0.0
FALPDt_c_mm,0.0
compFALPD_c,-0.0010418395301583707
DOCOSAt_c_l,1.1289906471412732e-05
TTCOSAt_c_l,0.0
TAGt_c_m,0.0
DOCOSAt_c_e,0.0
TTCOSAt_c_e,0.0
EX_docosa_e,0.0
EX_ttcosa_e,0.0
ME2_c,0.0
FACOA182tabc_x,0.0
FACOA183tabc_x,0.0
MAGL_m,0.0
GLYCt_c_m,0.0
CRNAT120_x,0.0
CRN120t_c_x,0.0
ACOAD40f_x,0.0
ACOAD60f_x,0.0
ACOAD80f_x,0.0
ACOAD100f_x,0.0
ACOAD120f_x,0.0
ACOAD140f_x,0.0
ACOAD160f_x,0.0
ARACHt_c_rm,0.0
DOCOSAt_c_rm,0.0
TTCOSAt_c_rm,0.0
EX_hxca_e,0.0
HXCAt_c_e,0.0
HXCAt_c_rm,0.0
DM_gcald_c,4.021748643442359e-05
ACOAD100f_m,0.0
ACOAD120f_m,0.0
FADt_c_m,-0.02529076634428614
ACOAD180f_x,0.0
ACOAD161bf_x,0.0
ACOAD141bf_x,0.0
ACOAD121af_x,0.0
ACOAD181af_x,0.0
ACOAD161af_x,0.0
ACOAD141af_x,0.0
HLYSMT_m,0.0
GHMT3_m,0.0
TMABADH_m,0.0
BBOX_m,0.0
CRNAT40_m,0.0
CRNAT60_m,0.0
CRNAT80_m,0.0
CRNAT100_m,0.0
CRN40t_c_x,0.0
CRN60t_c_x,0.0
CRN80t_c_x,0.0
CRN100t_c_x,0.0
CRN40t_c_m,0.0
CRN60t_c_m,0.0
CRN80t_c_m,0.0
CRN100t_c_m,0.0
CRN120t_c_m,0.0
CRNAT40_x,0.0
CRNAT60_x,0.0
CRNAT80_x,0.0
CRNAT100_x,0.0
NADPHt_c_x,0.0
NADPt_c_x,0.0
RNDR4_c,0.0
RNDR4_n,0.0
FACOAL80_c,0.0
FACOAL100_c,0.0
FACOAL120_c,0.0
FACOAL40_c,0.0
FACOAL60_c,0.0
FACOAL40o_x,0.0
PKETX_c,0.0
ACCOATsucac_m,0.013672738863110703
ACCOATsucpp_m,0.0
PPAt_c_m,0.0
PPAt_c_e,0.0
EX_ppa_e,0.0
XU5PFGT_x,0.0
EX_fald_e,0.0
LDH_L_x,0.0
G3PD1i_x,0.0
DHAPt_c_x,0.0
GLYC3Pt_c_x,0.0
ACOAD182f_x,0.0
ACOAO182_x,0.0
ECOAH182_x,0.0
HACD182i_x,0.0
ACACT182i_x,0.0
ACOAD162f_x,0.0
ACOAO162_x,0.0
ECOAH162_x,0.0
HACD162i_x,0.0
ACACT162i_x,0.0
ACOAD142f_x,0.0
ACOAO142_x,0.0
ECOAH142_x,0.0
HACD142i_x,0.0
ACACT142i_x,0.0
ECOAI122d_x,0.0
ECOAH121d_x,0.0
HACD121di_x,0.0
ACACT121di_x,0.0
ACOAD101df_x,0.0
ACOAO101d_x,0.0
DECOAR102d_x,0.0
ECOAI101d_x,0.0
ACOAD183f_x,0.0
ACOAO183_x,0.0
ECOAH183_x,0.0
HACD183i_x,0.0
ACACT183i_x,0.0
ACOAD163f_x,0.0
ACOAO163_x,0.0
ECOAH163_x,0.0
HACD163i_x,0.0
ACACT163i_x,0.0
ACOAD143f_x,0.0
ACOAO143_x,0.0
ECOAH143_x,0.0
HACD143i_x,0.0
ACACT143i_x,0.0
ECOAI123e_x,0.0
ECOAH122e_x,0.0
HACD122ei_x,0.0
ACACT122ei_x,0.0
ACOAD102ef_x,0.0
ACOAO102e_x,0.0
DECOAR103e_x,0.0
ECOAI102e_x,0.0
ECOAH101e_x,0.0
HACD101ei_x,0.0
ACACT101ei_x,0.0
ACOAD82ef_x,0.0
ACOAO82e_x,0.0
ECOAI82e_x,0.0
DECOAI82e_x,0.0
DECOAR82e_x,0.0
ECOAI81e_x,0.0
PACCOAE_x,0.0
